home_team,away_team,PTS_home,FG%_home,3P%_home,FT%_home,OREB_home,DREB_home,AST_home,STL_home,BLK_home,PTS_away,FG%_away,3P%_away,FT%_away,OREB_away,DREB_away,AST_away,STL_away,BLK_away,winner
DEN,LAL,119,52.7,41.2,75.0,9,33,29,9,6,107,45.6,34.5,75.0,13,31,23,5,4,DEN
GSW,PHX,104,35.6,23.3,78.6,18,31,19,11,6,108,44.2,33.3,76.5,17,43,23,5,7,PHX
ATL,CHA,110,41.9,17.2,81.8,12,30,24,12,1,116,50.0,29.7,73.1,12,39,34,5,3,CHA
IND,WAS,143,52.3,46.5,91.7,10,41,38,10,8,120,45.8,37.5,79.3,11,34,28,6,9,IND
BOS,NYK,108,48.1,30.8,84.6,7,39,18,6,11,104,37.1,43.9,53.8,17,30,24,9,0,BOS
HOU,ORL,86,40.5,35.3,62.5,7,24,19,6,3,116,48.3,26.5,88.5,17,40,19,8,6,ORL
BKN,CLE,113,50.0,33.3,76.9,13,37,30,6,6,114,46.8,39.5,90.0,9,29,25,10,6,CLE
DET,MIA,102,44.6,34.4,60.0,17,39,28,3,13,103,40.2,36.4,80.8,16,32,22,11,3,MIA
MIN,TOR,94,34.0,25.8,81.8,16,46,20,8,9,97,40.0,40.0,68.8,8,39,27,9,11,TOR
CHI,OKC,104,41.5,28.6,77.8,13,29,26,10,3,124,54.9,48.7,83.3,5,38,30,6,4,OKC
MEM,NOP,104,41.8,27.9,80.0,8,29,23,8,7,111,47.1,43.8,77.3,11,41,22,8,5,NOP
SAC,UTA,130,46.1,37.3,85.0,15,30,29,6,8,114,45.1,32.1,74.2,16,38,22,6,2,SAC
DAL,SAS,126,47.5,31.9,73.9,13,35,24,6,3,119,51.7,31.4,72.7,9,36,33,8,5,DAL
LAC,POR,123,52.2,47.1,81.3,14,31,36,11,7,111,47.3,31.3,76.5,15,25,20,10,4,LAC
MIL,PHI,118,50.6,36.7,69.4,8,35,20,9,4,117,51.3,45.7,67.9,4,35,25,8,4,MIL
LAL,PHX,100,42.9,17.2,79.3,8,34,24,14,7,95,42.0,29.0,78.3,10,39,16,7,3,LAL
CHA,DET,99,37.5,25.0,76.5,11,30,20,13,7,111,45.5,33.3,84.0,12,41,28,7,6,DET
DEN,MEM,108,46.6,37.8,66.7,6,33,27,11,9,104,44.0,30.3,83.3,13,35,22,13,7,DEN
ATL,NYK,120,48.3,37.5,80.0,9,35,28,7,6,126,47.8,45.5,71.4,12,33,30,9,6,NYK
BOS,MIA,119,47.4,41.0,68.4,16,39,20,7,6,111,42.7,48.5,82.6,11,34,24,8,6,BOS
CLE,OKC,105,41.3,26.7,73.9,8,40,20,10,8,108,46.0,50.0,78.9,6,41,22,8,10,OKC
CHI,TOR,104,37.4,20.5,78.6,15,37,18,10,5,103,46.4,25.0,64.0,8,45,25,5,2,CHI
HOU,SAS,122,52.0,25.0,50.0,11,32,30,7,2,126,48.9,31.0,75.0,12,31,32,11,4,SAS
BKN,DAL,120,48.9,48.8,90.0,10,37,30,5,4,125,48.4,41.7,78.6,8,32,20,5,2,DAL
LAC,UTA,118,53.2,40.0,78.6,6,30,17,8,6,120,43.8,39.0,90.9,17,28,27,7,4,UTA
ORL,POR,102,45.6,32.1,65.6,10,35,22,10,5,97,39.8,28.1,85.7,15,32,15,6,1,ORL
GSW,SAC,122,55.2,43.8,85.7,7,32,32,14,3,114,43.6,30.0,69.0,10,31,24,10,3,GSW
CHI,DET,102,41.9,39.3,81.3,13,20,16,10,5,118,52.3,42.9,80.0,15,38,29,4,4,DET
MEM,WAS,106,42.9,40.4,100.0,6,39,27,7,8,113,43.0,34.8,77.3,11,34,25,9,5,WAS
NOP,NYK,96,46.0,27.3,43.8,4,39,20,8,5,87,36.7,18.9,77.8,16,43,19,7,3,NOP
CLE,IND,113,43.0,38.7,62.5,19,33,29,2,6,125,49.0,39.5,82.4,11,37,36,3,4,IND
PHI,TOR,114,50.0,35.7,85.7,9,33,25,8,7,107,43.7,53.1,73.7,13,28,28,5,5,PHI
MIA,MIN,90,40.2,31.6,57.1,9,33,24,6,1,106,51.2,35.3,75.0,7,40,30,9,3,MIN
PHX,UTA,126,52.9,27.0,92.9,7,32,31,10,7,104,44.0,32.4,85.7,15,30,26,6,5,PHX
DEN,OKC,128,60.2,40.7,84.6,10,38,34,8,5,95,41.1,18.8,83.3,7,22,22,8,4,DEN
GSW,HOU,106,43.2,40.0,78.3,8,41,27,6,6,95,37.8,27.3,94.7,10,32,22,7,4,GSW
ATL,MIL,127,50.5,40.5,81.8,13,33,32,15,2,110,45.3,36.4,80.0,12,27,22,10,3,ATL
PHI,POR,126,48.8,39.3,87.5,11,40,28,10,17,98,38.3,22.6,86.4,14,28,19,10,9,PHI
LAC,SAS,123,51.6,38.1,61.9,9,39,23,15,5,83,37.5,33.3,75.0,6,31,21,9,6,LAC
LAL,SAC,127,43.9,33.3,76.5,8,45,27,4,4,132,47.1,35.4,70.8,6,41,30,6,7,SAC
BKN,CHA,133,56.3,36.4,71.9,10,36,25,4,8,121,49.0,25.8,95.0,8,31,33,8,5,BKN
CHI,IND,112,46.0,35.3,83.9,10,34,19,8,6,105,40.9,26.1,84.0,11,36,26,7,5,CHI
BOS,WAS,126,50.0,35.8,71.4,15,36,31,11,6,107,44.8,30.6,69.2,11,29,26,12,4,BOS
ATL,MIN,127,55.8,46.7,94.4,4,32,28,6,7,113,48.9,48.5,60.0,10,28,24,5,5,ATL
POR,TOR,99,44.7,31.4,80.0,13,38,20,6,7,91,40.4,13.8,73.3,14,33,19,10,4,POR
DAL,MEM,125,50.0,48.9,75.0,6,42,24,4,7,110,45.7,37.8,60.0,10,34,22,9,4,DAL
MIA,MIL,114,47.7,38.2,95.0,7,33,27,7,2,122,50.6,32.4,73.3,9,34,24,8,5,MIL
GSW,NOP,130,52.0,36.6,65.0,21,43,28,6,7,102,40.9,25.6,61.5,14,25,23,8,3,GSW
DET,OKC,112,42.9,53.6,79.2,13,28,31,6,5,124,53.0,44.8,82.1,6,38,21,9,10,OKC
DEN,UTA,110,56.0,32.1,41.2,7,36,32,4,8,102,42.9,29.7,46.7,17,34,30,6,2,DEN
LAL,ORL,106,53.2,29.6,77.8,3,37,28,7,10,103,40.0,40.0,72.2,12,32,28,10,3,LAL
CLE,NYK,91,39.1,26.3,75.0,14,32,19,6,6,109,44.2,38.2,80.0,12,36,18,9,1,NYK
PHX,SAS,114,50.6,46.2,80.0,6,37,29,8,7,115,46.7,37.8,75.0,8,29,25,10,9,SAS
LAC,ORL,118,49.4,45.2,69.6,9,35,29,10,4,102,46.9,23.3,57.6,7,33,23,9,3,LAC
DET,POR,101,44.4,37.9,90.9,6,32,24,12,4,110,46.9,35.0,81.8,7,37,23,10,7,POR
MIL,TOR,111,46.1,38.2,73.7,7,22,19,9,2,130,56.0,39.5,92.9,15,35,35,7,6,TOR
ATL,WAS,130,50.0,28.1,90.6,14,43,26,8,3,121,50.5,25.0,64.3,6,29,32,14,3,ATL
BOS,IND,155,56.8,57.1,96.4,11,46,27,5,2,104,45.5,13.5,58.3,8,23,26,6,6,BOS
BKN,MIA,109,45.1,44.4,73.1,7,40,27,11,4,105,42.9,34.2,77.8,11,35,22,10,5,BKN
CLE,NYK,95,43.2,37.5,95.0,6,40,22,7,5,89,34.8,16.7,66.7,16,34,18,10,3,CLE
NOP,OKC,110,39.2,31.0,58.6,22,36,23,8,5,106,43.2,20.6,92.0,6,43,23,6,5,NOP
CHA,HOU,119,50.0,40.7,72.0,15,29,21,9,8,128,52.4,56.8,82.6,7,31,35,10,2,HOU
DEN,MIN,89,39.6,18.2,70.0,12,31,23,6,10,110,45.8,38.1,96.3,8,39,20,9,5,MIN
CHI,DAL,105,47.2,33.3,90.9,12,31,19,10,3,114,45.7,41.7,71.4,13,32,23,7,2,DAL
MEM,UTA,109,36.5,25.9,78.1,14,28,25,12,7,133,54.0,51.2,70.8,10,40,35,7,3,UTA
GSW,SAC,102,48.1,35.5,86.7,7,29,32,5,6,101,40.9,31.4,78.3,14,34,24,8,4,GSW
LAC,LAL,125,47.5,41.2,63.0,12,34,22,12,1,130,51.1,34.4,75.0,9,42,28,10,9,LAL
PHI,TOR,114,45.7,36.0,84.0,15,31,21,12,3,99,48.1,35.7,68.4,9,32,30,4,3,PHI
DET,NOP,116,43.6,34.2,80.8,19,29,30,4,5,125,48.8,43.8,94.3,7,29,27,5,7,NOP
ORL,UTA,115,45.9,34.5,75.0,10,33,27,17,9,113,46.1,36.4,73.1,13,35,27,9,7,ORL
PHX,SAS,121,53.8,50.0,73.1,5,29,26,5,4,132,52.0,48.6,92.3,9,32,37,7,5,SAS
CLE,IND,116,52.4,28.6,80.0,5,30,27,10,9,121,52.3,48.4,66.7,7,33,28,7,5,IND
MIL,NYK,110,42.7,51.3,71.4,7,34,24,6,11,105,39.6,25.6,76.0,16,40,18,6,1,MIL
MIA,WAS,121,60.0,48.1,85.7,7,30,35,9,1,114,56.8,46.4,52.9,4,26,33,7,4,MIA
BKN,CHI,109,45.8,40.0,60.0,8,31,32,4,4,107,48.3,39.3,71.4,9,33,21,4,4,BKN
GSW,OKC,141,53.3,45.0,83.3,13,25,36,9,2,139,60.2,51.7,80.0,7,25,26,3,1,GSW
DAL,DEN,114,47.7,40.5,88.2,10,24,27,12,6,125,52.7,43.3,73.7,19,32,33,11,6,DEN
MEM,POR,113,49.0,28.6,69.2,7,41,29,8,10,115,40.6,28.1,77.8,15,35,19,12,7,POR
PHI,PHX,112,47.8,36.7,83.3,15,36,24,5,6,100,36.0,25.7,81.8,15,27,22,11,12,PHI
CHA,IND,125,53.4,40.0,100.0,12,29,23,5,10,124,48.4,48.9,75.0,11,25,31,7,5,CHA
LAL,ORL,101,44.0,26.7,90.5,10,30,17,6,10,120,45.5,36.4,84.2,19,32,29,6,9,ORL
ATL,NOP,123,48.4,34.1,79.2,19,33,28,4,6,105,47.6,25.8,81.0,9,26,24,9,7,ATL
BKN,BOS,114,43.0,32.7,64.7,10,32,22,4,5,124,47.8,33.3,85.2,10,40,22,4,6,BOS
HOU,SAC,107,46.0,36.1,70.0,10,43,28,4,3,89,38.1,26.8,73.7,8,35,20,5,6,HOU
MIN,UTA,123,55.6,37.5,77.4,9,34,25,10,11,95,38.5,27.9,76.5,17,22,20,3,7,MIN
CHI,DEN,101,45.3,26.9,69.6,9,28,28,7,3,123,51.9,44.4,76.7,10,39,31,10,4,DEN
DET,PHX,106,49.4,34.8,85.7,10,23,25,7,6,120,50.0,38.1,89.7,14,29,29,8,10,PHX
SAS,TOR,116,50.0,31.3,76.9,9,37,30,7,7,123,45.4,39.6,61.5,13,34,29,12,6,TOR
CLE,GSW,115,49.4,29.7,78.6,13,41,26,8,2,104,36.2,39.0,66.7,17,27,26,10,4,CLE
CHA,DAL,118,49.5,26.7,57.1,10,33,30,5,2,124,47.3,33.3,75.0,9,38,31,3,6,DAL
MEM,POR,112,50.6,40.6,69.2,10,39,27,6,7,100,38.9,31.1,80.0,16,31,23,11,5,MEM
DET,GSW,109,47.5,43.3,95.2,7,32,23,8,2,120,47.4,29.3,76.2,17,27,26,8,4,GSW
IND,SAS,152,57.9,52.6,95.7,9,40,38,7,4,111,42.6,30.8,76.7,12,24,26,7,5,IND
DAL,ORL,117,50.0,37.5,71.4,5,26,21,9,6,102,47.1,29.6,77.8,6,32,27,6,4,DAL
PHI,WAS,146,56.0,38.7,88.9,10,35,37,12,7,128,51.0,41.2,80.0,10,28,31,6,10,PHI
BKN,MIL,125,48.5,35.6,84.6,11,35,22,2,4,129,47.9,33.3,87.5,12,36,26,6,2,MIL
LAL,MIA,107,54.3,30.8,78.6,5,33,28,6,5,108,46.6,32.4,87.5,11,33,30,11,4,MIA
LAC,NYK,97,49.3,34.4,87.5,7,24,21,8,3,111,46.6,38.7,94.4,18,30,28,13,1,NYK
CHI,UTA,130,51.6,52.9,84.2,10,26,26,12,3,113,47.7,37.2,88.2,17,35,32,1,7,CHI
HOU,SAC,122,57.3,48.4,77.8,5,34,28,8,4,97,44.4,35.0,55.0,12,22,22,5,2,HOU
BOS,MIN,109,39.1,28.2,76.5,11,34,20,13,2,114,51.8,35.1,52.0,6,39,26,7,5,MIN
ATL,OKC,117,37.3,33.3,84.4,25,34,27,8,3,126,47.9,40.0,95.7,11,38,27,7,7,OKC
DEN,NOP,134,53.7,38.5,73.9,11,34,37,6,5,116,50.0,43.3,86.7,8,30,24,6,2,DEN
CHA,WAS,116,51.9,32.0,74.3,11,36,17,8,5,132,48.5,41.9,80.0,13,27,26,10,6,WAS
IND,UTA,134,51.5,31.7,85.0,14,32,26,14,7,118,46.9,40.7,94.4,16,31,26,3,5,IND
BOS,PHI,103,39.6,31.9,84.2,9,34,28,8,6,106,44.2,26.5,86.7,12,44,20,7,7,PHI
BKN,LAC,100,40.2,36.6,84.6,14,35,22,10,10,93,39.6,22.2,100.0,11,40,22,10,8,BKN
NYK,SAS,126,46.0,45.2,68.2,13,34,28,7,0,105,48.9,26.5,61.5,11,35,31,2,7,NYK
CHI,PHX,115,43.8,42.4,73.9,9,30,30,12,7,116,42.2,39.6,84.0,13,41,32,7,10,PHX
HOU,LAL,128,54.8,42.4,63.2,14,43,26,4,4,94,42.4,28.0,62.5,5,29,20,7,6,HOU
MEM,MIA,102,38.9,29.7,75.0,13,25,20,10,4,108,45.5,39.3,84.4,9,35,22,9,8,MIA
DET,MIL,118,49.0,24.1,93.8,11,42,28,2,5,120,45.6,29.7,84.4,5,31,19,8,7,MIL
MIN,NOP,122,54.9,40.5,70.8,8,40,30,9,7,101,38.7,28.6,95.5,11,29,23,6,1,MIN
CLE,OKC,120,50.6,31.0,73.0,11,30,26,9,5,128,51.2,42.9,93.3,12,29,23,10,8,OKC
DAL,TOR,116,47.6,41.5,61.3,6,32,25,4,6,127,49.5,30.6,66.7,15,35,27,10,4,TOR
DEN,GSW,108,44.6,31.4,68.2,10,35,24,7,4,105,43.0,31.4,76.9,11,38,21,5,0,DEN
POR,SAC,118,50.6,36.4,75.9,7,29,26,10,5,121,46.1,29.7,73.7,15,35,32,11,6,SAC
IND,MIL,126,47.8,41.7,90.0,9,31,27,6,6,124,52.9,33.3,88.5,5,36,23,6,5,IND
ATL,ORL,120,48.2,38.5,76.7,8,28,22,13,7,119,46.7,37.0,71.4,18,29,19,12,6,ATL
DET,PHI,106,46.5,28.6,81.8,11,37,28,3,5,114,42.2,32.1,85.4,11,35,23,13,5,PHI
CHA,WAS,124,45.5,21.4,64.3,28,39,31,10,4,117,48.9,36.8,85.0,7,29,28,4,6,CHA
BKN,BOS,107,44.7,40.5,88.9,9,37,26,0,3,121,43.6,36.5,71.4,17,35,29,5,3,BOS
HOU,NOP,104,40.9,28.6,78.6,9,33,20,9,5,101,45.3,32.0,73.5,8,41,12,6,6,HOU
MEM,UTA,121,45.5,39.6,76.9,14,23,23,5,5,127,53.9,48.6,93.1,8,30,28,10,12,UTA
MIN,SAS,117,49.4,37.0,77.8,13,38,23,6,4,110,46.7,35.3,63.2,7,31,29,9,8,MIN
DAL,LAC,144,52.0,45.2,88.5,15,26,30,7,1,126,48.9,29.6,88.9,19,28,21,7,2,DAL
LAL,PHX,122,50.0,44.4,76.5,9,34,27,9,7,119,44.7,40.5,74.1,17,35,22,9,1,LAL
OKC,SAC,98,44.8,23.3,81.3,5,33,22,9,5,105,41.8,27.7,76.2,16,36,28,10,9,SAC
MIL,ORL,97,49.4,31.0,48.0,5,31,25,9,6,112,42.9,38.5,85.7,15,28,24,9,2,ORL
BOS,TOR,117,54.7,34.1,61.5,5,41,30,1,4,94,38.5,27.0,87.5,7,30,25,8,1,BOS
ATL,MIA,109,43.7,39.1,83.3,15,33,23,6,6,117,48.8,31.6,92.0,7,32,23,10,4,MIA
CLE,GSW,118,43.0,36.7,76.7,11,34,23,13,3,110,41.1,34.2,76.7,15,40,26,5,3,CLE
CHA,NYK,107,46.8,34.3,63.6,15,21,21,5,4,129,54.0,41.7,66.7,10,30,25,8,4,NYK
BKN,WAS,102,37.8,24.5,80.0,20,46,22,6,6,94,37.5,24.4,72.0,7,35,20,14,3,BKN
LAC,MEM,101,43.5,35.3,65.2,8,33,26,9,3,105,42.0,31.7,75.0,11,30,25,7,6,MEM
IND,PHI,126,52.2,41.0,84.2,8,24,31,8,9,137,50.5,42.4,85.0,23,31,28,5,7,PHI
CHI,DET,119,48.4,36.7,80.0,11,29,22,12,6,108,43.2,34.4,80.8,16,33,26,4,6,CHI
DEN,HOU,104,46.2,28.1,78.6,12,37,24,3,5,107,42.5,31.3,79.3,12,33,20,7,4,HOU
DAL,NOP,136,49.0,37.7,76.2,8,34,29,7,6,124,51.1,47.2,59.1,13,41,31,2,3,DAL
MIA,SAS,118,43.8,38.7,93.3,11,30,26,7,3,113,46.2,43.2,83.3,11,39,35,3,6,MIA
OKC,PHX,111,48.8,37.0,84.0,6,27,23,9,8,99,38.6,31.0,83.9,16,35,20,4,7,OKC
GSW,MIN,110,38.5,27.9,85.7,19,32,24,9,0,116,52.4,33.3,70.0,9,38,27,8,6,MIN
LAL,POR,116,48.8,21.1,81.1,7,34,27,8,4,110,50.0,35.1,77.8,5,33,29,2,8,LAL
BOS,NYK,114,50.6,44.2,93.8,8,29,27,3,3,98,41.8,42.9,70.8,12,25,17,5,2,BOS
TOR,WAS,111,50.0,20.0,68.0,16,32,28,11,4,107,51.2,46.2,75.0,8,30,32,11,5,TOR
CHI,MIL,109,38.0,33.3,90.5,18,29,24,9,7,118,47.2,31.9,70.4,13,40,23,3,5,MIL
CLE,SAC,120,49.5,45.7,82.4,14,25,24,3,1,132,59.0,47.6,63.6,8,29,32,3,4,SAC
CHA,MIA,105,44.4,46.9,81.8,13,32,21,6,0,111,48.2,25.8,82.1,10,32,26,12,5,MIA
ATL,DET,126,51.7,36.4,92.3,10,31,28,9,7,120,52.2,34.5,69.6,14,28,36,9,6,ATL
IND,PHI,132,51.6,35.1,69.7,10,31,32,7,5,126,50.0,27.3,97.1,5,33,22,5,3,IND
BKN,ORL,124,54.1,48.7,65.0,13,31,22,13,3,104,43.9,34.8,76.2,9,28,23,9,4,BKN
OKC,SAS,123,51.7,38.5,80.0,4,36,34,19,6,87,38.7,30.0,66.7,13,30,24,7,6,OKC
DAL,NOP,110,42.2,33.3,76.9,16,29,25,4,3,131,52.1,36.8,73.1,12,30,33,17,6,NOP
POR,UTA,99,42.0,31.4,70.0,13,30,23,5,6,115,46.3,30.2,93.3,16,36,26,11,6,UTA
DEN,LAC,111,53.4,34.8,78.1,6,30,26,4,2,108,43.0,44.8,87.5,14,28,21,10,1,DEN
GSW,MIN,101,42.0,33.3,87.5,13,33,28,11,2,104,44.4,41.2,85.7,9,33,24,9,5,MIN
LAL,MEM,134,58.0,62.9,75.0,10,44,30,4,10,107,36.8,37.7,75.0,13,20,28,8,9,LAL
DAL,WAS,130,52.2,40.5,58.6,9,37,32,6,4,117,48.3,33.3,82.6,8,38,23,6,1,DAL
ATL,NYK,114,54.7,38.7,76.9,6,24,28,11,6,116,47.9,47.1,90.9,14,28,29,9,2,NYK
BOS,PHI,117,47.7,36.0,78.9,12,33,23,7,8,107,45.9,36.7,81.8,10,31,18,5,1,BOS
MIL,TOR,128,51.8,51.3,95.2,9,32,25,8,9,112,39.6,27.3,87.1,26,29,28,10,8,MIL
CHI,ORL,94,39.8,27.3,86.4,14,39,16,7,4,96,39.0,28.6,80.0,12,34,20,12,3,ORL
MIN,PHX,115,45.7,18.5,92.9,16,24,18,8,5,133,60.0,54.8,93.3,5,27,31,1,4,PHX
LAL,SAC,110,50.6,37.9,78.9,7,36,25,12,6,125,50.0,36.4,76.5,11,34,31,20,1,SAC
CLE,POR,109,56.0,30.0,76.2,7,40,23,5,9,95,37.4,34.2,87.5,8,22,24,9,3,CLE
BKN,MIA,115,47.1,38.9,77.8,10,30,29,5,3,122,51.9,42.9,95.8,7,25,26,8,3,MIA
GSW,OKC,109,40.8,34.1,78.9,20,29,27,5,4,128,50.6,59.4,91.3,7,35,31,10,3,OKC
CHA,MIL,99,40.7,23.1,86.4,9,34,18,5,2,130,55.1,48.9,76.9,4,45,32,4,7,MIL
NYK,WAS,120,49.5,42.1,70.0,14,34,26,5,6,99,45.1,31.3,93.8,7,25,25,4,4,NYK
ATL,PHI,116,44.9,36.4,80.0,14,25,24,8,4,126,48.9,43.3,96.4,13,30,32,9,4,PHI
CLE,DET,108,51.2,42.9,71.4,7,32,21,9,6,100,42.9,25.7,86.7,18,33,20,8,6,CLE
BOS,TOR,108,45.7,34.8,88.9,8,36,29,5,4,105,48.3,36.4,64.3,5,36,29,4,1,BOS
SAC,SAS,129,54.1,42.9,79.2,4,38,31,10,2,120,46.7,41.7,82.6,6,36,33,7,3,SAC
CHI,ORL,97,44.3,34.5,77.3,5,29,19,10,3,103,48.1,32.4,69.6,10,36,24,7,7,ORL
DEN,NOP,110,49.0,25.0,50.0,11,40,37,4,3,115,52.3,52.2,52.4,4,35,33,8,5,NOP
PHX,UTA,131,52.3,54.5,88.5,5,31,35,5,4,128,50.6,44.4,83.9,10,29,27,3,10,PHX
LAL,POR,107,49.4,41.4,68.2,11,33,27,11,6,95,40.4,27.0,72.2,19,29,17,11,2,LAL
HOU,LAC,100,43.2,32.3,70.0,12,35,24,6,5,106,43.4,38.2,70.0,8,39,22,10,7,LAC
CHA,NYK,108,48.8,48.6,84.6,4,32,29,5,5,122,50.5,43.2,73.7,13,34,27,7,4,NYK
MIN,NOP,121,53.8,41.9,81.5,5,28,29,6,7,120,51.2,41.4,87.0,13,27,27,9,5,MIN
CHI,MIA,102,44.4,35.6,73.7,10,34,24,9,6,97,42.9,33.3,82.6,5,29,23,9,0,CHI
DAL,MIL,125,49.5,34.0,70.0,11,38,27,1,2,132,52.1,37.8,85.0,5,36,29,8,3,MIL
MEM,SAS,120,46.5,33.3,80.6,12,33,23,7,3,108,43.4,37.5,80.8,12,28,26,5,9,MEM
GSW,OKC,123,45.4,39.1,81.0,14,35,33,6,4,130,52.0,34.8,90.0,9,38,26,8,7,OKC
BKN,PHI,99,46.9,39.3,75.0,9,36,24,2,8,121,46.8,45.7,94.4,10,34,32,8,4,PHI
IND,ORL,116,44.2,25.8,77.4,11,29,24,10,7,128,49.4,35.0,83.3,8,34,21,10,10,ORL
CLE,DEN,121,54.9,40.7,76.9,11,36,30,6,5,109,47.6,48.3,73.9,9,24,23,7,5,CLE
DET,TOR,113,47.0,34.6,74.3,7,34,25,3,3,142,53.9,38.9,62.1,12,35,44,10,5,TOR
DAL,SAC,113,46.6,35.3,73.1,11,29,23,8,2,129,53.3,42.5,76.2,14,34,34,9,3,SAC
BOS,MEM,102,45.5,38.7,80.0,9,36,20,6,10,100,38.9,38.6,90.0,14,28,28,7,5,BOS
PHX,UTA,140,49.0,40.0,84.6,11,33,36,11,13,137,41.7,32.6,81.3,27,32,27,11,5,PHX
OKC,POR,134,60.5,61.1,100.0,10,33,28,8,3,91,40.0,26.5,66.7,13,18,21,10,2,OKC
HOU,LAL,104,48.8,37.8,80.0,6,28,35,7,3,105,47.0,20.7,72.4,10,32,26,13,1,LAL
BOS,CHA,118,43.3,32.0,64.3,11,37,19,6,8,121,44.2,33.3,94.1,17,40,29,9,7,CHA
DEN,DET,107,46.0,39.3,76.2,11,32,30,7,8,103,44.4,33.3,92.3,11,32,21,7,5,DEN
MIL,WAS,142,58.5,37.9,75.0,16,39,33,3,6,129,55.6,34.5,81.8,5,21,29,6,4,MIL
CHI,MIA,100,45.7,29.7,93.8,7,29,21,2,7,118,50.0,48.6,85.0,9,34,31,7,1,MIA
MIN,NYK,117,51.3,32.4,75.0,7,37,30,7,7,100,34.8,23.7,79.4,17,33,16,8,3,MIN
NOP,SAC,129,54.3,42.9,81.0,10,45,38,8,6,93,37.9,24.4,66.7,9,27,27,4,5,NOP
LAC,SAS,124,47.4,33.3,88.0,10,41,30,15,3,99,43.3,26.3,78.6,13,36,23,4,7,LAC
GSW,HOU,121,46.8,48.8,84.8,8,35,26,3,1,116,46.3,31.7,78.9,15,33,28,6,3,GSW
ORL,TOR,126,50.0,38.7,70.0,15,25,31,12,8,107,50.7,50.0,77.3,5,33,29,6,6,ORL
ATL,IND,152,60.0,48.4,82.1,12,27,28,8,4,157,60.6,48.9,75.0,7,22,35,7,11,IND
CLE,PHI,122,48.9,36.0,84.0,14,42,33,9,4,119,41.7,31.4,82.4,14,30,19,12,8,CLE
PHX,POR,120,56.6,41.2,96.4,11,27,26,8,8,107,43.7,45.2,85.0,12,18,20,8,3,PHX
LAL,UTA,131,57.0,37.9,81.5,9,43,35,6,5,99,38.8,25.0,75.0,13,29,25,6,3,LAL
CHA,WAS,117,47.3,43.2,71.4,11,38,27,6,4,114,45.4,34.4,83.3,11,36,26,7,3,CHA
DEN,ORL,119,47.3,42.9,76.2,17,25,29,6,2,124,54.3,34.5,86.7,11,30,27,9,7,ORL
ATL,BKN,147,44.0,36.7,93.1,22,36,24,10,8,145,48.7,42.9,83.3,22,37,28,8,6,ATL
BOS,MIL,119,52.4,40.5,82.4,4,39,27,3,5,116,44.6,38.2,76.5,13,34,23,9,2,BOS
CLE,MIA,96,46.8,46.7,71.4,7,27,25,5,6,129,52.3,57.1,81.0,10,31,30,11,7,MIA
IND,TOR,131,54.9,46.2,81.3,5,26,33,10,6,132,53.3,40.7,83.3,13,33,26,7,3,TOR
HOU,MEM,111,43.5,32.6,85.0,6,43,22,6,6,91,32.9,21.9,85.7,9,37,17,3,7,HOU
MIN,PHI,112,48.3,38.5,66.7,10,38,28,10,8,99,39.1,21.9,80.0,16,32,21,9,12,MIN
NOP,SAC,117,47.1,23.3,75.7,13,35,23,10,2,112,44.7,34.1,82.9,4,34,22,3,1,NOP
CHI,OKC,102,38.6,38.6,100.0,11,27,22,7,2,116,49.3,37.9,81.6,11,34,24,4,12,OKC
LAC,SAS,109,45.9,32.1,75.9,11,39,29,10,3,102,38.5,28.9,91.3,10,34,26,8,6,LAC
GSW,PHX,115,47.8,31.3,65.5,11,32,29,10,3,123,44.7,39.3,84.6,11,32,22,9,8,PHX
POR,UTA,121,51.1,43.6,66.7,14,23,31,9,6,105,46.8,32.3,80.8,14,30,25,7,3,POR
DAL,LAL,104,39.6,32.0,75.0,11,37,21,5,4,101,46.4,37.9,63.2,9,42,26,1,2,DAL
BOS,ORL,96,40.8,24.1,73.0,4,27,17,10,4,113,50.6,39.3,72.7,13,35,23,5,3,ORL
MEM,PHX,89,46.3,27.3,60.0,6,29,22,6,2,110,51.3,35.5,75.0,7,34,22,10,6,PHX
MIA,NYK,98,39.1,27.0,95.2,10,31,20,11,0,100,48.1,34.5,66.7,6,40,21,7,2,NYK
CHI,TOR,108,51.2,44.4,63.2,9,28,20,5,2,121,53.0,33.3,74.1,13,27,32,8,6,TOR
DET,IND,113,47.8,38.9,83.3,14,29,22,6,11,136,48.0,42.1,91.7,15,25,24,7,8,IND
DEN,HOU,86,34.0,23.3,71.4,16,30,17,8,4,105,48.8,41.4,86.7,6,43,25,9,9,HOU
MIL,WAS,131,52.2,29.0,78.8,10,40,28,6,6,128,48.0,40.5,81.0,12,34,29,3,4,MIL
MIN,SAC,111,43.9,36.4,93.1,10,34,25,6,9,124,49.0,48.6,81.8,14,32,25,7,4,SAC
GSW,SAS,118,49.4,45.2,79.2,7,34,35,7,2,112,45.0,25.5,83.3,15,31,28,10,3,GSW
LAC,NOP,106,45.7,29.7,64.7,8,31,27,11,8,116,48.9,41.7,74.1,12,38,26,6,5,NOP
OKC,PHI,123,43.9,37.2,80.8,13,25,29,3,3,127,45.8,34.1,82.2,17,32,30,2,9,PHI
BKN,MIA,112,50.0,38.9,87.0,8,34,27,11,9,97,43.7,32.4,76.9,13,31,24,6,3,BKN
ATL,WAS,136,51.0,48.6,70.0,17,32,29,13,2,108,48.9,26.3,100.0,8,33,33,5,6,ATL
CLE,LAL,115,47.3,32.1,87.0,7,30,30,13,4,121,52.2,33.3,85.7,9,35,34,9,8,LAL
NOP,UTA,100,41.9,30.6,61.1,13,29,31,15,4,105,43.7,34.9,82.4,14,38,23,8,6,UTA
DAL,LAC,88,37.4,23.7,78.6,10,27,17,6,5,107,43.2,27.6,74.2,17,40,25,2,6,LAC
MIL,POR,108,39.3,33.3,75.0,18,34,19,13,11,102,40.7,40.6,75.0,11,29,21,15,4,MIL
ATL,BOS,103,40.9,35.8,63.2,11,32,15,5,4,113,44.2,27.7,80.0,18,40,24,9,3,BOS
NYK,PHX,113,45.3,41.4,71.9,13,25,18,7,5,116,46.2,42.1,76.2,18,29,27,4,11,PHX
CHA,ORL,117,53.0,43.3,64.0,5,31,27,6,7,130,54.0,37.0,78.8,7,37,33,10,3,ORL
MEM,MIN,97,38.6,27.0,70.4,11,24,24,4,4,119,53.1,44.1,78.3,6,36,30,5,5,MIN
BKN,CHI,118,49.4,47.2,73.3,8,31,29,7,2,109,48.2,37.5,77.3,10,30,21,3,2,BKN
CLE,TOR,105,46.4,32.3,83.3,12,37,29,2,5,102,41.6,25.0,69.0,17,33,17,9,3,CLE
DEN,SAS,132,56.2,42.9,80.0,11,34,38,8,3,120,45.2,37.8,84.6,10,25,34,10,6,DEN
DET,WAS,107,42.2,21.1,68.4,18,31,29,7,11,126,50.6,34.5,92.9,6,40,29,8,6,WAS
IND,POR,110,47.7,24.2,75.0,10,32,26,10,6,114,47.1,50.0,80.6,9,29,20,6,4,POR
LAL,PHI,94,47.0,25.0,69.2,6,26,23,3,4,138,50.5,47.8,84.6,15,33,33,11,2,PHI
NOP,UTA,112,50.0,31.8,68.0,11,37,27,5,1,114,42.0,35.4,82.1,9,34,31,6,4,UTA
DEN,LAC,113,47.8,45.5,53.6,18,34,28,8,6,104,41.2,30.0,82.4,16,33,18,6,9,DEN
BOS,CHI,124,52.2,42.9,75.0,11,41,36,6,9,97,43.3,32.1,55.6,9,28,25,11,7,BOS
BKN,TOR,115,44.9,34.2,84.6,13,46,26,7,8,103,38.6,36.1,63.2,15,31,27,11,3,BKN
ATL,CLE,105,34.7,29.5,91.7,14,30,21,9,3,128,53.8,36.1,88.2,12,43,27,8,12,CLE
MIA,MIL,124,51.1,46.7,66.7,8,27,32,3,5,131,53.4,37.1,88.9,8,37,26,3,4,MIL
CHA,NYK,91,41.6,41.9,57.1,13,28,21,8,2,115,46.6,39.5,90.0,15,39,21,10,7,NYK
MIN,OKC,106,42.3,42.4,81.3,10,41,18,3,9,103,41.1,36.7,78.3,9,27,22,8,4,MIN
DAL,HOU,121,47.2,35.3,86.2,9,29,25,5,4,115,49.4,27.6,79.3,10,30,33,2,6,DAL
GSW,SAC,123,48.2,41.5,86.7,9,43,25,6,6,124,45.1,34.1,64.3,12,34,25,8,7,SAC
DET,LAL,107,41.2,41.7,85.7,10,29,28,8,3,133,51.1,35.3,81.6,8,41,28,7,10,LAL
ORL,WAS,139,60.7,63.0,83.3,9,35,34,5,6,120,47.1,37.9,77.1,7,22,28,14,3,ORL
PHX,TOR,105,40.4,26.9,95.7,12,35,25,3,5,112,45.2,37.0,85.7,15,34,25,7,5,TOR
MEM,UTA,105,49.4,33.3,75.0,12,39,26,9,10,91,37.8,41.0,58.3,12,27,26,8,8,MEM
NOP,PHI,124,53.8,33.3,88.2,13,27,33,11,4,114,51.9,41.2,88.9,8,22,28,8,7,NOP
DEN,HOU,134,50.5,44.2,73.1,13,28,37,4,2,124,54.7,39.0,73.7,8,27,27,3,5,DEN
LAC,SAC,131,53.8,50.0,77.3,8,29,28,8,5,117,46.5,31.7,85.7,13,34,22,1,1,LAC
CLE,POR,95,42.7,21.9,100.0,14,21,25,12,2,103,50.6,40.0,100.0,9,31,29,10,4,POR
BKN,CHA,128,49.5,38.9,66.7,22,30,21,6,4,129,50.5,58.3,100.0,13,28,30,6,7,CHA
IND,MIA,132,51.0,25.6,65.6,10,24,30,11,5,142,55.8,38.1,84.4,10,38,25,4,1,MIA
DET,NYK,112,53.1,42.9,64.7,8,34,22,4,3,118,46.6,39.0,71.4,12,29,25,8,3,NYK
CHI,MIL,120,45.9,35.1,77.3,14,37,32,14,4,113,44.9,33.3,69.2,9,34,28,12,6,CHI
MIN,UTA,101,43.8,37.1,76.9,10,32,29,13,7,90,37.9,32.4,92.9,13,38,22,6,4,MIN
LAL,OKC,110,44.4,33.3,84.4,7,34,24,6,2,133,53.2,33.3,86.4,8,40,29,9,6,OKC
ATL,SAS,137,51.0,42.4,86.2,8,29,24,14,2,135,53.9,43.9,91.3,11,36,34,4,7,ATL
GSW,LAC,120,50.0,38.5,74.2,10,37,30,3,4,114,44.2,37.5,75.0,15,28,26,5,1,GSW
ORL,WAS,130,51.7,38.7,78.8,10,34,35,6,8,125,50.6,46.4,71.0,8,32,25,8,5,ORL
BOS,PHI,125,50.6,48.5,86.1,10,36,25,10,8,119,45.7,45.7,73.9,15,27,16,16,5,BOS
NYK,TOR,119,50.0,44.4,81.3,11,32,30,6,3,106,44.0,18.8,70.6,19,29,32,7,6,NYK
DAL,MEM,94,37.0,30.8,66.7,13,29,27,9,5,108,48.9,32.4,81.8,13,39,27,8,12,MEM
NOP,SAS,121,49.4,32.3,93.1,10,32,26,8,6,106,45.8,41.0,82.4,8,31,28,5,5,NOP
DEN,PHX,119,56.8,37.5,58.3,4,28,38,8,4,111,46.4,33.3,92.3,8,35,22,4,9,DEN
GSW,LAC,112,44.2,39.5,79.2,6,36,31,5,4,113,48.9,33.3,85.7,5,35,31,5,6,LAC
CHA,MIN,117,48.4,48.0,89.5,10,26,29,6,4,123,51.2,35.5,86.7,10,31,26,5,3,MIN
BKN,ORL,129,50.5,41.2,74.2,14,43,31,4,8,101,39.8,31.0,81.5,8,29,24,3,5,BKN
CLE,DET,110,49.4,33.3,66.7,8,35,25,11,1,101,47.0,26.7,65.2,10,39,24,9,3,CLE
IND,MIA,144,65.9,50.0,80.0,3,29,35,4,8,129,53.9,48.0,87.5,6,22,27,3,1,IND
CHI,NOP,124,54.5,42.5,73.3,12,29,32,6,8,118,50.0,32.0,80.0,13,26,20,10,1,CHI
ATL,MIL,121,44.6,39.5,76.2,15,25,23,11,4,132,59.6,42.4,80.0,8,36,33,5,6,MIL
DAL,OKC,120,44.8,36.5,65.7,15,32,26,5,12,126,44.0,45.5,81.8,16,34,24,8,5,OKC
MEM,PHX,109,45.3,29.0,91.7,8,32,14,9,8,116,43.4,34.6,81.4,12,32,24,10,5,PHX
POR,UTA,113,40.0,32.5,88.9,11,29,17,11,5,118,48.9,20.6,79.2,16,40,27,5,11,UTA
DEN,SAC,117,49.5,24.0,65.0,8,38,35,9,7,123,48.5,47.1,73.3,9,38,33,7,5,SAC
HOU,LAL,97,40.4,35.5,77.8,11,43,24,5,7,107,44.9,29.6,70.4,9,39,24,11,7,LAL
BOS,IND,112,47.4,29.3,66.7,13,43,27,5,9,122,45.7,47.5,81.0,7,34,28,8,4,IND
NOP,SAC,127,54.0,45.2,82.6,13,29,29,12,7,117,44.7,34.1,81.8,11,27,29,8,2,NOP
MIL,NYK,146,60.4,60.5,68.4,12,25,32,12,6,122,49.4,30.4,87.9,12,24,27,8,4,MIL
LAL,PHX,106,37.3,30.0,84.0,21,24,24,11,2,103,49.3,48.0,81.0,8,36,25,8,5,LAL
CLE,ORL,121,53.5,41.2,75.0,10,35,29,5,2,111,48.8,8.7,73.0,7,29,22,10,6,CLE
DET,MEM,102,45.1,31.4,100.0,8,34,30,9,6,116,51.6,42.3,78.6,9,37,26,10,8,MEM
MIA,TOR,112,46.1,36.8,84.2,8,36,33,5,4,103,43.0,37.8,88.2,8,38,29,3,8,MIA
PHI,WAS,131,51.1,29.6,85.3,11,32,29,7,2,126,56.5,40.0,100.0,2,30,39,8,6,PHI
ATL,BKN,113,44.7,34.3,94.4,11,38,25,5,4,114,45.7,40.7,70.8,12,33,24,7,6,BKN
MIN,SAS,102,41.4,30.0,85.7,11,44,20,4,10,94,37.6,22.2,66.7,13,36,23,7,4,MIN
CHA,CHI,100,43.3,27.0,100.0,12,30,25,9,9,111,42.2,48.0,79.3,21,36,23,6,6,CHI
HOU,OKC,110,48.2,45.5,68.2,10,43,28,6,5,101,42.5,27.6,79.2,4,26,22,14,10,HOU
DAL,UTA,147,55.4,44.9,68.4,11,36,37,11,5,97,40.2,36.4,83.3,11,32,22,6,3,DAL
GSW,POR,110,41.9,29.4,84.8,15,35,20,4,3,106,41.1,34.8,75.0,11,29,22,8,3,GSW
DEN,LAC,102,41.8,38.7,88.9,14,32,29,7,5,111,46.0,44.4,76.0,13,38,21,7,9,LAC
IND,MIL,128,49.0,21.2,84.0,15,36,30,9,8,119,44.8,36.4,75.0,12,34,19,3,9,IND
LAL,NOP,133,54.7,48.6,75.9,11,48,31,6,4,89,35.8,22.6,70.0,12,30,22,7,5,LAL
CHA,TOR,119,55.7,52.0,90.0,7,24,30,7,4,116,50.5,18.8,76.2,14,28,32,7,2,CHA
DET,ORL,91,42.0,20.0,70.8,8,30,17,3,2,123,55.1,38.5,78.9,6,39,26,5,4,ORL
ATL,PHI,114,39.4,33.3,90.5,23,32,20,3,4,125,48.3,36.7,81.1,14,34,24,6,8,PHI
BKN,WAS,124,48.1,30.3,77.8,18,37,27,8,8,97,41.8,18.2,71.4,12,29,19,4,7,BKN
CLE,MIA,111,46.0,36.8,65.4,12,39,21,13,2,99,43.0,35.7,66.7,7,30,23,5,5,CLE
MEM,MIN,103,43.0,42.9,73.7,8,20,24,7,4,127,50.0,39.5,92.3,15,39,30,4,8,MIN
GSW,OKC,136,47.1,39.6,82.6,24,36,29,3,2,138,52.0,17.2,86.1,11,28,15,17,7,OKC
CHI,SAS,121,46.1,46.4,58.3,24,32,27,9,2,112,47.0,40.5,85.0,10,34,35,4,9,CHI
DEN,HOU,106,42.2,35.7,74.1,12,35,22,4,5,114,42.7,33.3,73.8,11,36,21,3,3,HOU
LAC,UTA,117,48.9,44.1,76.2,11,29,23,8,9,103,45.2,29.0,75.0,8,32,23,10,10,LAC
DAL,POR,125,51.6,30.8,86.4,9,33,26,8,5,112,37.1,34.0,88.9,18,30,20,9,1,DAL
BOS,NYK,133,52.7,40.4,85.7,8,26,24,8,5,123,50.0,40.5,74.1,12,32,28,4,3,BOS
PHX,SAC,106,48.2,34.4,65.2,8,32,26,8,5,114,45.7,35.9,80.0,15,35,25,7,0,SAC
CHA,MIA,114,47.6,41.5,77.3,6,25,31,3,2,116,48.1,42.9,79.4,8,35,31,7,3,MIA
DET,IND,123,55.6,34.5,76.7,6,24,26,11,4,131,56.5,41.9,73.7,11,32,33,8,5,IND
CLE,ORL,94,35.3,22.5,75.8,18,30,15,10,3,104,46.4,26.9,76.0,12,31,22,7,8,ORL
PHI,WAS,146,54.7,43.5,88.0,9,38,37,14,6,101,42.4,29.0,64.5,13,31,21,5,2,PHI
ATL,DEN,122,45.8,38.6,94.4,13,22,25,9,2,129,53.4,41.4,79.3,14,35,29,9,8,DEN
NYK,TOR,136,60.5,58.6,65.2,14,28,36,5,3,130,49.0,35.9,73.3,17,21,32,12,0,NYK
HOU,SAS,93,34.4,30.8,85.0,15,45,20,7,2,82,35.6,12.2,68.2,9,42,20,9,5,HOU
DAL,MEM,120,50.0,42.5,89.5,10,33,27,8,9,113,46.1,40.9,81.3,10,28,26,9,5,DAL
CHI,MIL,129,41.2,44.1,80.0,18,33,25,3,4,133,51.2,40.5,81.1,6,42,34,5,4,MIL
MIN,NOP,107,44.0,36.1,73.7,11,36,26,5,3,121,48.8,37.0,77.5,10,37,27,7,7,NOP
OKC,UTA,134,52.1,47.4,94.1,7,32,35,9,7,120,47.8,31.6,95.2,9,32,32,9,9,OKC
BKN,SAC,118,47.7,48.3,95.2,10,31,24,4,6,131,51.1,55.6,71.4,10,33,38,4,3,SAC
LAC,POR,132,55.1,38.2,95.5,9,26,33,7,9,127,47.8,47.5,84.6,11,25,25,5,4,LAC
BOS,CLE,120,45.2,40.9,100.0,12,33,23,9,9,113,47.8,42.2,66.7,6,29,27,6,4,BOS
DAL,LAL,127,49.4,48.8,85.7,12,24,28,7,5,125,53.8,51.7,66.7,10,30,34,4,4,DAL
CHI,DEN,106,41.9,32.5,91.3,11,30,26,6,9,114,47.0,46.7,68.8,15,31,28,4,4,DEN
GSW,PHX,116,44.6,34.8,66.7,13,38,26,9,1,119,45.2,35.9,85.3,7,34,27,8,7,PHX
LAC,SAC,119,52.4,37.9,95.2,6,43,21,7,2,99,41.9,27.0,70.8,7,31,27,8,2,LAC
DET,PHI,111,44.3,30.3,76.7,6,29,24,6,3,129,51.7,36.7,82.4,10,43,28,6,4,PHI
NOP,WAS,142,52.1,47.1,86.7,10,36,30,11,3,122,51.2,43.2,79.2,3,30,28,7,6,NOP
CHA,MIA,104,53.2,38.7,90.9,4,27,27,11,5,115,47.7,50.0,94.7,17,30,29,10,3,MIA
ATL,TOR,128,48.0,43.9,73.7,13,29,32,9,8,135,57.5,52.9,70.8,9,38,39,3,9,TOR
HOU,MEM,117,45.3,37.5,73.0,15,43,23,6,3,104,42.7,26.3,70.6,5,34,25,7,4,HOU
IND,MIL,126,45.0,30.6,78.1,16,29,30,7,6,140,53.9,25.9,77.1,12,31,27,8,8,MIL
LAL,SAS,122,53.8,40.0,58.8,5,41,31,14,4,119,46.9,43.2,72.2,10,36,28,8,6,LAL
BKN,PHX,116,46.1,36.6,79.2,10,26,24,9,4,112,47.6,32.1,85.2,14,35,28,5,4,BKN
NYK,UTA,113,43.6,23.1,68.8,14,32,21,10,4,117,43.9,38.1,71.4,15,38,31,5,4,UTA
BOS,CLE,116,50.6,36.1,85.0,13,31,22,7,8,107,48.2,33.3,94.1,9,30,21,7,1,BOS
CHI,MIA,124,48.4,38.9,66.7,11,32,32,8,2,116,46.3,44.1,77.1,8,34,26,2,1,CHI
DAL,MIN,101,47.0,21.9,88.9,4,30,21,6,2,119,50.0,45.2,68.0,12,33,30,9,4,MIN
BKN,DEN,101,41.1,26.7,75.0,18,35,28,5,4,124,47.5,33.3,85.7,12,36,31,13,6,DEN
POR,UTA,114,41.7,35.6,66.7,21,28,30,9,4,122,53.3,33.3,92.9,13,32,27,9,9,UTA
OKC,SAC,123,43.1,30.6,88.9,16,28,26,8,7,128,49.5,40.0,76.2,11,36,32,6,4,SAC
GSW,LAC,113,43.5,35.6,89.5,16,27,22,8,2,121,50.6,40.6,86.7,10,30,27,6,9,LAC
CHA,NOP,107,44.6,29.0,76.2,8,31,18,7,4,112,47.5,33.3,84.4,11,38,24,4,5,NOP
DET,PHI,92,43.2,19.0,78.3,7,35,19,3,7,124,41.8,37.8,90.3,16,38,24,17,8,PHI
IND,WAS,123,44.9,37.5,75.0,13,28,35,7,8,137,56.5,48.1,76.9,8,39,36,7,8,WAS
BOS,ORL,128,52.2,42.9,70.0,9,25,31,14,7,111,48.3,40.0,72.2,13,32,25,5,2,BOS
ATL,TOR,125,51.5,39.0,83.3,16,39,34,4,4,104,51.9,32.3,56.0,3,29,30,8,6,ATL
LAL,SAS,115,48.3,30.6,64.3,9,34,32,5,5,129,49.5,42.9,89.5,9,36,35,5,5,SAS
HOU,MEM,103,36.4,37.9,87.5,15,36,18,10,10,96,40.2,27.5,73.3,13,35,19,4,8,HOU
NYK,PHX,139,59.8,58.6,85.7,9,29,28,9,5,122,52.2,39.3,81.0,10,23,30,4,3,NYK
DET,MIL,114,44.8,21.4,84.6,10,26,25,10,4,146,56.8,45.2,84.4,8,41,24,5,8,MIL
CHA,PHI,82,36.3,20.0,81.8,8,28,15,3,4,135,60.2,45.2,88.2,5,40,30,10,6,PHI
ATL,CLE,119,48.2,41.7,88.0,6,28,21,5,4,127,48.5,38.1,86.7,18,31,32,8,3,CLE
CHI,MIA,116,48.1,42.1,89.7,11,29,25,8,4,118,51.8,37.1,76.0,8,23,26,7,2,MIA
IND,MIN,109,50.0,28.6,81.3,13,27,25,10,6,127,55.8,60.0,81.3,8,28,33,10,4,MIN
BKN,GSW,120,48.4,39.5,86.7,14,28,31,6,8,124,48.4,53.1,95.0,13,29,29,7,5,GSW
DEN,OKC,117,45.2,37.5,87.5,16,30,30,5,0,118,51.2,33.3,83.3,9,31,22,4,9,OKC
DAL,POR,131,49.5,34.0,90.5,11,36,27,7,2,120,50.0,21.9,86.4,10,34,17,8,2,DAL
SAC,UTA,125,54.1,48.9,73.3,8,37,36,6,2,104,44.2,32.4,76.2,9,28,28,8,3,SAC
LAC,NYK,144,56.8,48.5,82.4,8,34,36,8,6,122,46.8,31.4,88.5,12,27,20,7,4,LAC
BOS,ORL,114,47.4,47.2,87.5,10,45,18,4,10,97,38.2,30.6,75.0,10,33,18,7,4,BOS
NOP,SAS,146,56.1,52.4,63.6,11,40,38,11,3,110,42.6,35.7,71.4,9,30,29,6,6,NOP
HOU,MIL,119,52.9,40.7,85.7,6,25,26,8,4,128,50.0,36.1,78.1,16,30,25,4,1,MIL
PHX,WAS,112,45.6,22.6,76.7,13,41,29,8,6,108,41.1,30.4,80.0,10,34,24,8,6,PHX
GSW,POR,118,52.9,34.2,68.4,11,32,31,10,4,114,47.1,37.1,91.3,9,28,23,10,4,GSW
CLE,HOU,135,48.5,39.6,64.7,14,24,29,7,8,130,46.1,36.4,88.9,15,32,34,9,5,CLE
IND,LAC,127,51.6,36.4,81.0,11,23,38,6,7,151,57.1,50.0,87.0,14,32,26,4,9,LAC
CHI,PHI,108,47.2,41.4,80.0,11,34,24,7,9,104,43.2,34.4,89.5,9,35,23,8,8,CHI
ATL,DET,130,54.1,44.4,81.5,11,29,25,6,10,124,51.1,40.9,70.4,12,24,23,7,3,ATL
MIA,MIN,108,47.1,36.7,83.3,9,31,27,10,4,112,49.4,37.9,89.5,12,33,27,10,9,MIN
CHA,TOR,99,43.8,25.0,100.0,10,26,18,8,6,114,51.2,27.6,81.8,15,36,30,4,4,TOR
MEM,OKC,97,35.3,35.2,85.7,7,38,25,6,3,116,45.7,30.6,91.3,10,43,31,11,10,OKC
DAL,DEN,104,44.6,34.2,47.4,15,28,19,2,0,130,56.3,53.8,81.8,9,37,29,7,4,DEN
BKN,UTA,108,43.3,41.0,70.0,11,25,25,4,9,125,49.5,41.2,87.5,12,39,30,6,8,UTA
SAC,WAS,143,53.0,39.5,76.9,9,33,35,8,5,131,51.8,47.4,83.3,5,34,26,3,6,SAC
LAL,NYK,109,42.4,31.7,92.3,9,32,29,9,3,114,47.7,33.3,87.0,11,41,21,5,6,NYK
MEM,NOP,115,50.0,32.3,79.3,13,29,19,5,7,113,47.1,44.0,91.7,11,28,23,4,3,MEM
MIL,SAS,132,47.2,36.7,77.8,11,36,34,11,7,119,47.9,30.0,85.7,8,44,27,4,4,MIL
BOS,GSW,126,41.2,29.3,88.2,18,37,28,6,5,132,45.9,40.0,85.7,18,41,29,4,5,GSW
PHX,POR,104,44.7,21.7,71.4,14,33,23,10,6,109,44.8,50.0,89.5,10,32,23,8,4,POR
CLE,UTA,124,46.9,45.1,68.8,14,30,34,8,3,116,51.3,43.3,82.1,6,32,24,5,6,CLE
CHA,IND,113,47.4,25.8,78.9,16,21,23,6,0,144,61.3,46.2,93.3,8,30,37,6,8,IND
MIA,ORL,115,48.2,51.7,83.3,10,29,25,6,2,106,46.1,25.0,78.9,15,34,29,8,5,MIA
MIN,PHI,113,51.2,36.0,83.3,9,30,22,4,2,127,53.6,36.4,90.6,7,29,20,9,3,PHI
BKN,NYK,102,36.6,31.9,76.5,17,32,25,6,9,121,46.3,39.4,80.0,12,42,24,8,7,NYK
DEN,TOR,113,50.0,36.4,42.9,15,31,29,9,9,104,47.8,33.3,69.2,10,31,26,3,5,DEN
CHI,LAL,124,54.5,52.9,90.9,7,41,25,7,6,108,44.7,32.4,80.0,8,32,27,7,7,CHI
ATL,HOU,134,51.6,42.5,82.1,12,32,31,4,3,127,49.4,47.1,100.0,8,29,25,4,6,ATL
DAL,LAC,111,42.9,32.6,70.4,13,23,23,8,3,120,55.8,35.5,92.0,7,37,27,6,4,LAC
BOS,SAC,144,55.4,52.4,83.3,14,36,35,6,10,119,47.3,47.7,52.2,12,25,29,4,8,BOS
DET,UTA,111,50.0,29.0,84.2,12,29,24,6,9,119,45.7,36.7,91.7,15,29,26,15,7,UTA
CLE,NOP,104,47.1,38.6,62.5,6,29,34,4,3,123,54.7,42.9,87.5,7,33,32,7,4,NOP
CHI,SAS,114,54.4,25.0,81.8,5,31,24,11,5,95,45.7,33.3,68.8,9,32,24,6,7,CHI
IND,MEM,103,42.2,34.6,81.8,12,27,28,12,9,116,51.2,45.7,66.7,8,33,27,8,7,MEM
MIL,ORL,118,42.2,29.7,88.6,10,41,26,3,6,114,45.5,24.2,69.6,13,32,26,6,9,MIL
LAC,OKC,115,47.3,39.5,83.3,12,28,23,9,5,134,58.6,47.1,88.9,6,32,35,9,5,OKC
LAL,MIN,111,49.4,41.7,79.2,7,31,21,6,6,118,48.3,38.9,80.0,9,31,32,13,7,MIN
POR,WAS,117,45.3,46.7,73.9,20,31,24,7,6,118,50.0,40.0,68.8,7,30,26,9,6,WAS
PHI,TOR,121,53.0,45.2,90.5,3,35,34,6,6,111,44.8,27.3,85.7,11,35,30,9,6,PHI
BKN,DEN,117,48.3,39.4,69.2,14,31,32,4,7,122,51.7,42.3,84.0,8,33,29,6,5,DEN
ATL,MIA,113,43.8,35.2,71.4,12,31,29,9,2,122,46.5,43.6,83.3,12,36,21,7,2,MIA
DAL,HOU,96,34.7,17.5,73.1,14,33,18,10,1,122,48.4,28.9,82.6,12,51,21,7,3,HOU
GSW,WAS,129,48.5,40.0,85.0,14,43,33,5,2,118,45.4,31.4,79.2,9,30,25,7,4,GSW
PHX,SAC,105,44.3,20.0,78.6,15,30,19,8,4,120,53.0,31.6,76.9,7,30,32,7,7,SAC
MIL,NYK,130,52.7,50.0,78.3,12,41,25,4,2,111,44.1,31.0,95.2,11,30,17,5,2,MIL
BOS,LAC,145,52.1,47.2,78.6,15,36,33,4,5,108,46.1,32.4,100.0,9,25,25,4,4,BOS
CHA,DEN,95,38.6,28.6,82.6,13,34,23,8,11,102,43.3,40.0,85.7,12,36,25,11,13,DEN
IND,ORL,110,52.4,44.1,69.2,7,26,27,7,6,117,53.4,33.3,80.5,10,29,22,9,5,ORL
HOU,NOP,106,42.7,31.0,77.1,13,31,21,9,2,104,46.3,25.8,69.0,13,33,21,9,7,HOU
ATL,MEM,119,46.9,30.2,80.0,13,28,28,8,5,125,51.5,33.3,63.6,15,36,29,6,7,MEM
BKN,DET,126,52.3,41.7,81.3,7,31,32,10,3,115,49.4,42.9,75.9,6,30,26,5,3,BKN
TOR,UTA,119,47.9,40.6,84.2,12,27,35,7,5,126,52.7,44.7,92.9,8,33,35,7,5,UTA
CHI,CLE,95,43.8,22.9,89.5,5,32,23,6,5,109,44.3,26.7,73.1,15,33,28,7,4,CLE
LAL,OKC,129,52.2,50.0,82.6,8,36,37,7,7,120,48.4,31.7,78.9,11,31,24,6,7,LAL
DAL,SAS,144,52.0,51.1,81.0,11,41,26,7,6,119,44.9,31.1,70.8,8,34,32,9,3,DAL
GSW,POR,126,57.8,30.3,83.3,13,36,38,8,2,106,45.2,37.1,68.0,8,22,26,13,3,GSW
MIN,SAC,110,50.6,30.3,85.7,7,36,31,9,5,98,43.5,24.2,76.2,8,32,23,10,2,MIN
MIL,NYK,122,47.4,31.0,79.2,17,27,26,7,4,129,54.3,30.8,80.8,7,34,27,7,4,NYK
DEN,GSW,120,48.8,41.2,81.3,10,33,25,6,4,114,46.0,35.0,87.0,9,30,23,7,3,DEN
BOS,LAL,126,50.5,31.0,75.0,11,33,31,8,7,115,47.8,40.6,76.2,13,30,24,4,1,BOS
MIA,PHI,119,47.6,37.5,77.1,13,43,27,5,7,113,42.6,37.8,64.0,5,31,23,11,4,MIA
DAL,PHX,128,53.6,36.4,73.3,8,30,28,7,6,114,44.4,34.1,80.0,14,33,28,5,2,DAL
BKN,DET,118,50.0,40.9,62.8,7,35,22,6,7,112,44.4,36.0,71.9,16,36,20,6,4,BKN
ORL,WAS,127,52.7,46.2,68.0,7,33,30,11,5,119,49.4,38.1,81.0,10,37,27,10,8,ORL
ATL,CHI,113,46.1,28.9,85.7,12,28,24,6,3,118,45.7,28.0,87.1,18,30,23,10,2,CHI
HOU,IND,117,48.5,20.8,81.8,15,29,19,15,2,123,52.4,44.2,85.7,10,35,28,5,7,IND
MEM,NOP,116,43.3,23.9,84.4,8,42,24,10,17,115,43.3,32.3,63.6,10,36,18,12,6,MEM
MIN,OKC,106,46.6,44.4,81.3,8,26,22,8,1,129,60.5,46.2,81.3,3,26,35,9,7,OKC
SAS,UTA,118,44.9,45.7,66.7,13,30,36,8,8,130,49.5,37.2,90.9,13,40,34,4,7,UTA
POR,SAC,130,50.0,40.0,80.0,16,30,28,5,5,113,48.4,23.8,81.3,11,29,25,5,7,POR
CHA,LAC,104,46.2,20.7,75.0,8,34,31,8,6,113,47.1,41.2,76.0,11,34,24,7,3,LAC
ORL,PHI,92,39.2,27.3,87.5,9,34,17,5,11,112,46.9,35.7,70.6,12,36,14,10,8,PHI
TOR,WAS,132,57.1,39.5,68.4,14,39,43,12,5,102,46.7,24.2,66.7,10,24,25,11,3,TOR
BKN,MIL,122,44.6,21.9,86.2,17,30,29,7,2,144,58.4,45.1,73.9,8,33,41,6,8,MIL
HOU,PHX,113,41.7,41.5,72.7,9,24,20,11,3,129,57.3,42.4,80.8,8,36,28,4,11,PHX
NYK,OKC,120,50.0,41.2,80.0,9,31,24,2,2,129,54.4,43.8,77.3,3,24,20,6,10,OKC
CLE,DAL,113,43.5,39.5,69.6,18,39,33,7,4,110,44.3,27.0,84.6,7,30,21,12,7,CLE
BOS,DET,128,48.5,28.2,84.0,11,32,25,10,4,122,47.5,32.6,63.2,19,38,27,7,4,BOS
CHI,IND,104,41.2,25.9,77.3,13,34,19,7,4,120,50.6,45.2,68.2,6,41,30,6,9,IND
DAL,MIN,110,44.4,42.4,84.2,13,26,29,9,3,118,51.4,51.5,73.5,6,32,23,9,10,MIN
NOP,UTA,112,54.9,37.0,80.0,6,29,27,10,7,105,42.4,30.8,84.0,17,25,27,5,3,NOP
DEN,MEM,142,57.3,48.8,85.7,12,41,43,6,7,105,41.6,37.1,72.0,11,25,23,8,5,DEN
GSW,MIA,102,42.0,24.2,80.0,12,31,27,4,7,114,48.4,32.3,72.7,10,34,26,6,1,MIA
POR,SAS,105,34.7,30.6,75.0,22,35,16,6,4,118,48.2,27.8,92.9,7,35,33,9,10,SAS
CHA,LAL,112,47.1,45.5,60.7,8,35,29,5,5,133,53.6,50.0,100.0,5,37,41,11,7,LAL
NYK,ORL,108,44.2,20.0,89.7,6,34,22,8,4,117,44.9,21.2,75.0,14,35,24,10,6,ORL
BKN,WAS,104,42.9,32.1,63.0,18,36,24,5,4,110,50.5,39.5,42.9,8,35,28,5,5,WAS
ATL,SAC,110,39.4,34.9,84.0,18,33,29,9,4,117,51.7,37.8,53.3,5,33,35,9,3,SAC
BOS,TOR,120,48.9,43.6,85.0,13,39,29,3,6,118,46.3,38.6,65.0,9,29,29,10,6,BOS
CLE,MIL,111,47.6,14.0,77.8,7,30,28,11,7,119,51.3,41.4,89.3,7,36,26,5,6,MIL
HOU,PHI,127,53.8,46.7,71.4,14,28,30,8,6,131,52.3,36.4,87.9,11,19,22,10,5,PHI
DEN,OKC,93,42.4,27.0,73.3,5,31,30,6,5,119,50.5,34.3,93.8,10,41,29,10,8,OKC
CHA,PHX,119,47.8,50.0,100.0,8,18,32,5,3,133,62.2,60.0,95.8,6,33,34,3,11,PHX
POR,SAS,134,50.5,59.3,81.5,16,27,28,8,6,128,51.1,42.4,72.0,13,29,31,9,3,POR
LAC,MEM,117,49.4,28.2,80.0,11,43,28,3,6,106,43.7,32.5,85.0,3,30,29,10,4,LAC
MIA,UTA,109,43.6,29.0,80.0,8,38,20,8,8,117,46.2,26.8,71.4,9,34,29,8,6,UTA
DET,TOR,129,50.0,42.9,87.5,6,35,29,4,4,127,50.5,50.0,82.1,6,27,26,9,5,DET
IND,NYK,140,58.8,53.5,81.0,7,27,40,6,7,126,47.4,45.9,70.4,15,27,24,12,2,IND
CHI,PHI,105,50.6,28.0,60.0,12,41,21,5,5,92,39.1,23.7,73.3,12,24,24,12,5,CHI
LAL,MIN,106,42.0,29.2,78.1,8,31,23,12,4,108,50.0,35.3,83.3,7,38,24,8,8,MIN
DAL,GSW,132,55.7,40.0,81.8,6,37,25,5,2,122,45.6,39.6,69.2,16,31,32,8,3,DAL
ATL,WAS,130,49.5,37.5,64.9,12,46,27,5,3,126,46.9,32.1,81.0,6,36,35,5,9,ATL
LAL,NOP,109,47.6,31.3,84.0,4,31,26,8,10,129,51.7,50.0,81.5,12,35,33,9,6,NOP
BKN,OKC,108,38.0,26.1,64.5,17,30,26,9,2,124,54.2,54.5,80.0,5,41,31,1,6,OKC
BOS,SAS,134,53.7,35.7,77.3,13,44,29,6,7,101,42.6,26.7,75.0,9,30,28,6,1,BOS
MEM,SAC,92,36.6,30.0,71.4,1,33,20,4,1,123,51.1,48.5,76.5,9,50,28,2,4,SAC
ORL,PHX,107,46.7,32.4,91.7,8,37,22,2,4,112,50.0,29.6,84.2,6,29,21,11,4,PHX
MIN,NYK,106,47.4,39.3,79.3,4,30,19,6,4,112,43.8,35.3,78.6,16,33,23,7,4,NYK
CLE,TOR,121,48.3,33.3,88.5,6,37,25,9,2,124,48.3,36.7,72.5,10,37,25,5,4,TOR
DET,HOU,113,48.2,44.8,74.1,10,27,27,3,4,136,56.0,42.9,79.2,6,33,34,11,1,HOU
IND,MIL,122,44.3,14.3,81.6,14,38,23,7,5,113,44.1,25.0,80.8,8,38,27,4,8,IND
CHA,DEN,93,41.9,38.5,68.8,8,37,24,4,5,111,49.4,39.5,77.8,4,40,27,9,9,DEN
PHX,POR,109,47.5,37.9,66.7,9,38,24,10,5,88,41.3,26.7,73.7,6,30,21,6,10,PHX
DAL,UTA,90,39.8,27.5,50.0,8,33,28,6,5,127,51.0,27.3,94.4,7,46,37,9,6,UTA
LAC,MIA,121,58.8,48.3,92.9,6,31,25,10,3,104,42.2,32.4,79.3,12,23,24,7,3,LAC
CHI,PHI,97,38.5,18.9,69.6,19,32,17,9,7,110,47.5,40.0,73.3,6,37,28,9,6,PHI
MEM,SAS,106,46.3,31.6,80.0,8,38,24,5,8,98,42.4,32.3,69.6,6,34,21,6,8,MEM
BKN,NOP,85,35.7,25.6,50.0,18,25,26,7,4,112,46.6,41.0,77.8,17,36,23,10,9,NOP
BOS,OKC,123,45.7,37.5,82.8,17,30,33,7,10,127,52.7,45.0,76.5,10,28,34,7,10,OKC
GSW,ORL,121,53.8,37.1,64.9,9,27,23,9,6,115,44.6,38.9,82.6,16,25,19,8,4,GSW
CHA,SAC,111,51.2,35.3,78.9,4,31,23,8,10,104,43.5,38.9,58.8,15,33,23,8,2,CHA
CLE,WAS,140,54.0,47.6,75.0,18,44,37,5,8,101,41.6,34.3,45.5,12,24,23,8,5,CLE
IND,MIL,142,55.6,40.0,82.4,7,37,34,7,5,130,50.0,37.8,75.0,10,32,30,6,4,IND
ATL,OKC,141,50.5,35.9,93.9,15,34,30,8,5,138,54.9,50.0,76.9,9,28,30,10,1,ATL
CHI,NYK,100,41.6,40.6,81.3,11,28,24,9,7,116,51.7,39.5,81.8,13,39,29,6,7,NYK
BKN,HOU,101,38.7,29.5,61.5,15,35,25,11,6,112,48.7,48.7,70.4,5,43,27,5,4,HOU
MEM,TOR,111,42.6,35.7,84.2,9,34,25,7,5,116,48.2,46.2,81.5,7,39,25,5,6,TOR
MIN,NOP,106,45.1,32.3,81.5,8,20,26,7,6,117,55.6,46.2,88.2,9,32,30,7,5,NOP
DAL,POR,126,50.0,43.3,70.7,7,36,25,12,7,97,39.1,32.5,72.7,10,36,23,4,3,DAL
LAC,PHX,131,55.3,52.9,90.6,10,26,25,9,5,122,53.2,42.9,88.5,10,22,23,9,2,LAC
DET,UTA,148,53.3,46.3,77.3,16,32,33,5,3,154,51.5,50.0,91.4,15,28,28,11,8,UTA
LAL,MIA,96,42.2,13.3,91.7,9,41,29,3,6,110,44.1,38.1,70.6,7,32,30,14,3,MIA
ORL,SAC,135,48.9,56.8,81.5,7,32,33,10,7,138,48.6,37.5,67.7,18,40,36,9,3,SAC
MIL,SAS,125,53.3,35.3,78.9,8,34,27,5,5,121,48.4,35.0,88.2,10,32,31,10,8,MIL
DEN,GSW,130,56.5,34.6,86.2,11,25,28,7,4,127,54.4,41.7,87.5,9,24,35,4,3,DEN
BOS,UTA,126,43.3,34.7,86.1,9,47,24,9,8,97,36.2,17.6,67.6,16,41,23,11,2,BOS
ATL,IND,116,43.0,23.8,86.7,14,25,21,6,3,150,63.8,48.7,84.6,8,31,50,12,3,IND
BKN,OKC,124,45.1,35.9,84.8,20,31,25,9,3,115,53.6,29.0,66.7,7,29,29,8,5,BKN
CLE,WAS,114,53.2,48.5,69.6,12,40,31,9,1,90,41.7,30.0,73.3,7,24,19,12,8,CLE
NYK,PHI,128,48.3,43.9,96.0,10,39,27,7,7,92,40.7,26.1,74.1,8,30,22,8,9,NYK
CHA,CHI,91,40.4,29.4,75.0,12,30,20,7,1,104,54.1,35.7,82.4,4,37,29,7,6,CHI
HOU,MIN,95,40.0,37.5,73.3,7,31,18,7,2,122,52.3,42.4,80.0,9,43,31,12,7,MIN
LAC,NOP,111,48.8,41.7,80.0,10,40,28,6,7,95,35.9,41.4,73.9,14,29,22,9,5,LAC
DAL,POR,139,58.3,44.7,66.7,10,42,35,11,8,103,41.1,32.5,70.6,10,32,27,9,3,DAL
DEN,ORL,120,50.5,27.3,78.9,9,29,28,8,1,122,50.0,47.2,67.6,11,29,25,9,3,ORL
MIA,PHX,97,41.0,27.0,86.4,11,33,26,5,2,113,50.6,40.0,64.7,9,35,30,13,5,PHX
DET,GSW,109,44.9,29.5,80.0,10,30,25,8,9,113,46.3,42.1,84.0,7,38,24,3,5,GSW
LAL,MEM,113,49.4,35.7,70.4,8,27,26,13,3,127,53.7,51.1,80.0,6,38,33,8,4,MEM
SAC,TOR,135,52.0,55.3,66.7,11,31,35,4,1,130,54.0,35.1,85.2,8,29,31,5,10,SAC
BOS,IND,118,51.1,39.0,52.6,13,43,26,6,6,101,41.3,19.0,77.3,10,28,23,12,2,BOS
NYK,WAS,121,49.4,38.9,87.5,11,34,27,9,2,105,47.1,35.1,60.0,12,33,33,5,3,NYK
PHI,UTA,109,40.4,18.4,78.3,15,19,30,12,6,120,57.5,26.7,83.3,9,39,30,4,4,UTA
HOU,MIL,112,43.4,38.2,84.4,7,39,22,7,2,108,46.1,26.5,69.0,4,37,20,7,4,HOU
CLE,SAS,117,48.9,37.2,71.4,12,32,27,6,3,115,47.7,37.8,86.4,8,32,22,10,6,CLE
BKN,POR,127,50.5,37.8,84.0,9,35,29,7,7,134,47.4,52.6,80.0,9,29,21,5,5,POR
ATL,ORL,110,46.2,30.0,58.6,8,42,21,9,10,117,43.9,41.5,63.6,13,44,25,8,3,ORL
NOP,SAC,133,61.0,54.3,87.5,9,42,35,2,9,100,41.8,33.3,75.0,8,17,28,9,2,NOP
DAL,MIN,115,45.3,37.5,70.0,15,29,20,7,8,108,43.6,31.7,61.9,18,33,22,6,4,DAL
DEN,DET,131,58.8,37.0,87.1,6,32,35,6,10,114,47.2,37.5,70.0,13,24,28,6,0,DEN
MEM,PHX,121,44.3,34.7,75.0,15,39,29,7,8,115,45.1,28.6,68.2,16,34,29,5,6,MEM
GSW,TOR,118,45.0,30.4,93.3,15,28,30,5,4,133,58.5,45.5,57.1,9,36,38,7,6,TOR
LAC,LAL,103,39.6,37.8,89.5,13,27,21,12,5,106,51.2,37.9,68.8,8,32,23,9,6,LAL
CHA,CHI,112,42.6,40.5,88.2,14,30,26,3,7,119,48.9,34.6,83.3,12,39,27,7,7,CHI
BOS,IND,131,52.2,48.6,69.0,13,29,26,3,8,133,52.7,47.5,81.8,9,30,29,6,7,IND
OKC,WAS,136,59.1,50.0,75.0,10,30,37,11,7,128,49.4,46.9,86.2,12,26,32,7,5,OKC
HOU,MIA,113,42.0,34.1,89.3,12,30,20,8,4,120,50.0,41.7,71.9,10,35,30,6,5,MIA
MIL,UTA,116,44.7,47.2,78.9,11,27,31,6,6,132,52.2,45.5,81.8,10,37,33,6,8,UTA
LAC,PHX,138,62.4,51.7,73.9,11,33,32,11,3,111,49.4,33.3,86.2,5,20,17,6,4,LAC
DET,SAC,110,47.1,37.8,76.2,13,27,27,12,2,131,57.4,39.4,71.4,10,34,39,8,6,SAC
MIN,ORL,113,53.8,40.0,78.9,5,43,34,8,4,92,36.2,31.0,61.1,16,30,20,13,5,MIN
NYK,POR,112,41.6,37.5,87.0,15,40,26,11,4,84,38.4,20.7,66.7,12,31,19,8,7,NYK
DAL,MEM,103,43.9,33.3,81.5,8,25,20,9,4,120,48.4,37.8,85.7,18,36,27,7,3,MEM
LAL,TOR,132,54.3,44.4,77.8,5,34,34,6,4,131,56.4,48.6,61.5,5,32,34,8,4,LAL
BOS,MIN,127,43.3,40.4,96.8,7,39,21,5,4,120,46.3,41.2,90.0,8,39,22,4,6,BOS
CHA,SAC,98,40.2,42.1,75.0,8,28,17,2,3,123,51.7,37.1,78.3,14,39,24,2,8,SAC
DET,SAS,108,45.8,31.3,76.9,9,34,33,4,3,130,52.1,33.3,85.2,10,36,36,7,4,SAS
IND,WAS,112,44.6,32.0,91.7,14,40,31,7,6,104,43.2,22.6,70.0,13,33,24,8,8,IND
ATL,PHI,139,47.1,35.3,73.8,16,39,32,6,8,132,45.1,35.3,84.8,13,38,26,8,9,ATL
MIA,OKC,120,46.1,41.7,82.1,8,30,25,8,3,128,59.3,42.4,75.0,4,38,36,4,4,OKC
CHI,HOU,124,44.2,40.4,84.0,8,38,31,9,4,119,47.5,24.4,60.0,9,41,29,9,4,CHI
DEN,UTA,111,45.7,39.4,85.7,8,26,26,11,4,124,55.4,39.4,82.6,7,33,34,12,8,UTA
GSW,NOP,105,43.8,30.8,83.3,14,29,24,4,4,141,57.4,47.5,73.7,13,34,37,11,7,NOP
LAC,TOR,126,52.7,44.1,100.0,11,25,34,6,5,120,54.8,40.0,88.9,7,30,31,4,2,LAC
BKN,CLE,102,45.1,29.6,71.4,9,32,18,5,4,111,39.0,29.5,79.1,12,35,16,11,6,CLE
BOS,MIL,102,37.4,25.7,83.3,6,25,22,5,5,135,56.5,42.9,81.3,12,42,34,3,6,MIL
OKC,POR,139,57.0,40.0,86.4,8,51,41,6,8,77,27.7,22.4,62.5,13,29,16,8,8,OKC
DAL,NYK,128,50.0,41.5,76.7,11,27,27,6,2,124,49.4,33.3,78.6,13,32,27,7,2,DAL
LAL,PHX,109,50.0,38.2,64.0,7,30,33,8,4,127,49.5,35.9,91.3,13,33,23,12,3,PHX
PHI,SAC,112,43.0,42.9,94.4,14,32,23,11,9,93,33.7,21.1,80.8,23,31,20,6,4,PHI
ATL,IND,108,44.9,36.7,73.9,12,16,25,14,2,126,67.1,61.1,75.0,10,35,41,12,9,IND
DET,HOU,110,50.0,34.3,62.5,11,35,32,6,9,112,45.6,26.7,88.0,10,31,21,8,5,HOU
MIA,ORL,99,44.6,30.8,85.0,12,29,23,6,1,96,43.9,30.0,60.0,10,28,26,10,8,MIA
CHI,GSW,131,58.1,45.0,81.3,6,30,31,1,3,140,52.1,42.6,73.3,13,31,39,7,4,GSW
LAC,MEM,128,55.1,48.4,75.0,11,32,22,9,7,119,43.2,40.9,70.4,17,29,30,5,4,LAC
MIN,POR,116,55.0,35.5,70.8,8,37,35,14,5,93,39.0,35.7,67.6,10,28,18,8,5,MIN
DEN,NOP,125,55.6,42.4,73.3,10,38,30,5,4,113,47.2,39.4,72.7,8,27,30,9,3,DEN
TOR,UTA,113,43.2,50.0,70.3,8,23,25,5,8,145,55.9,48.8,76.9,14,42,34,7,8,UTA
CHA,SAS,99,36.0,29.4,89.3,16,28,22,11,3,135,51.7,47.4,79.4,7,38,31,9,7,SAS
BOS,HOU,145,53.7,51.1,76.0,10,40,26,7,8,113,40.4,23.3,86.7,15,35,20,10,3,BOS
ATL,WAS,99,34.4,27.5,72.7,16,34,21,9,7,127,48.5,37.5,80.8,12,42,32,10,9,WAS
MEM,NYK,94,41.4,23.7,86.7,9,26,27,14,6,106,48.2,34.2,68.4,15,41,25,11,11,NYK
GSW,MIL,118,48.0,41.7,64.3,12,29,23,5,4,129,54.3,41.9,82.4,14,36,33,6,5,MIL
OKC,ORL,112,45.7,22.2,85.7,12,34,23,9,4,100,46.4,20.0,62.5,11,39,21,5,8,OKC
DAL,NOP,108,45.1,36.6,95.0,9,25,23,6,1,118,49.4,40.0,75.7,14,30,29,7,4,NOP
CHI,SAS,122,51.1,44.1,75.0,7,40,31,5,8,116,41.1,39.1,87.0,12,35,26,7,4,CHI
LAL,UTA,125,50.0,44.8,83.3,7,33,30,6,8,132,45.2,32.4,92.3,13,39,28,7,5,UTA
DEN,IND,117,64.8,50.0,65.2,4,36,31,8,3,109,46.7,27.6,68.2,14,23,28,11,1,DEN
CHA,MIA,87,34.7,24.4,73.3,17,33,17,5,3,104,49.4,44.0,81.3,4,40,27,6,6,MIA
MIL,SAC,143,52.2,46.5,84.4,4,36,31,5,3,142,52.4,41.5,75.0,9,38,34,6,2,MIL
LAC,MIN,105,43.4,43.6,88.9,7,27,28,9,4,109,56.7,50.0,64.5,6,35,25,8,5,MIN
PHX,POR,127,60.5,46.4,81.5,7,34,27,7,5,116,44.9,47.6,72.7,12,24,23,8,1,PHX
HOU,PHI,115,50.0,29.6,59.4,16,30,21,7,9,124,48.2,48.4,85.3,8,33,25,8,4,PHI
DAL,NOP,125,45.9,41.9,82.9,13,29,24,4,6,120,50.6,30.4,75.6,8,29,21,9,2,DAL
NYK,ORL,94,39.8,32.5,68.2,13,28,20,3,3,98,44.7,27.6,66.7,13,33,26,2,3,ORL
DET,WAS,129,55.6,38.7,73.9,12,40,30,4,10,117,46.3,46.3,90.9,8,25,30,8,7,DET
ATL,SAS,109,43.0,34.2,76.2,13,44,24,8,6,99,40.0,26.2,70.6,9,35,27,10,8,ATL
GSW,MEM,107,48.9,32.3,90.0,7,38,28,4,6,116,37.2,37.0,80.0,11,31,24,13,10,MEM
CHI,CLE,91,42.2,28.1,75.0,6,37,21,8,6,109,41.1,35.1,100.0,13,35,28,9,3,CLE
BKN,MIA,95,34.3,21.8,93.8,9,41,26,9,9,96,37.9,25.8,88.0,6,48,22,6,4,MIA
BOS,TOR,105,40.2,41.0,92.0,5,48,20,3,7,96,40.0,12.5,76.2,9,43,25,6,2,BOS
IND,UTA,105,40.0,29.0,80.0,18,25,27,9,4,132,55.6,44.0,88.6,10,36,29,5,8,UTA
LAL,OKC,112,52.4,33.3,88.9,8,36,30,7,9,105,41.7,30.6,90.9,13,27,23,11,6,LAL
DEN,PHI,121,50.6,41.4,76.0,16,30,23,4,3,126,56.6,48.4,73.5,5,27,27,6,7,PHI
PHX,SAC,119,49.4,45.9,90.0,8,38,32,7,6,117,50.0,45.0,58.3,5,26,34,7,4,PHX
LAC,OKC,128,54.0,46.5,60.9,12,27,30,5,10,117,50.6,47.1,85.0,9,26,30,5,5,LAC
DET,MIN,117,51.7,38.7,68.4,8,32,30,4,7,124,50.5,50.0,71.4,9,33,32,7,5,MIN
ATL,ORL,106,51.3,32.0,90.9,10,31,21,8,2,104,44.3,28.6,72.7,16,24,18,16,8,ATL
BOS,SAS,117,46.7,47.4,78.9,12,42,22,5,6,98,41.9,20.6,81.3,11,30,26,5,3,BOS
CLE,MIL,135,59.1,42.9,68.4,11,44,36,5,3,95,40.0,28.6,70.0,9,27,19,6,6,CLE
HOU,NYK,94,41.7,26.7,84.2,6,32,23,6,9,109,44.8,35.1,81.8,12,39,24,6,5,NYK
MIA,TOR,97,45.6,21.4,75.0,12,25,24,4,5,121,51.1,52.6,61.1,13,32,34,9,4,TOR
CHA,NOP,112,43.3,42.2,83.3,15,26,29,7,8,132,50.0,53.2,82.6,16,34,32,11,3,NOP
DAL,LAL,110,46.2,27.5,83.3,11,32,26,4,5,127,53.8,42.9,70.8,9,36,33,8,1,LAL
BKN,POR,103,47.9,39.5,66.7,6,27,28,9,3,105,48.8,33.3,85.7,10,31,21,2,2,POR
NYK,WAS,113,45.3,34.2,84.6,7,40,22,6,5,109,45.6,32.3,77.3,9,37,31,9,4,NYK
CHI,TOR,116,52.7,25.0,82.4,9,33,30,7,5,110,50.6,26.3,80.0,7,31,31,7,5,CHI
OKC,UTA,134,55.8,43.8,85.7,7,31,36,8,10,129,48.3,40.6,83.3,11,27,33,7,4,OKC
MEM,MIN,103,45.9,41.2,64.7,8,26,22,9,4,118,54.9,42.9,76.2,6,33,30,8,9,MIN
IND,SAC,126,55.1,39.4,78.9,4,30,33,5,6,121,51.8,40.5,56.3,8,30,27,7,6,IND
CHA,SAS,124,56.0,55.2,87.5,10,30,25,9,4,120,56.0,46.9,64.7,7,27,36,9,3,CHA
ORL,PHI,109,47.4,43.5,92.6,11,25,24,3,5,124,48.3,43.3,93.1,16,26,23,11,5,PHI
BOS,DEN,100,42.7,31.8,71.4,12,26,21,5,2,102,51.9,25.8,76.9,10,37,20,0,3,DEN
ATL,MIA,109,46.0,42.9,82.4,9,29,23,6,2,108,46.3,38.7,90.9,13,31,21,7,2,ATL
NOP,PHX,109,44.1,23.8,73.9,9,33,27,4,5,123,49.5,36.6,76.2,7,41,32,7,3,PHX
IND,POR,115,42.9,42.6,68.0,6,31,34,3,6,118,50.0,33.3,85.7,9,38,18,3,11,POR
BKN,LAL,130,52.6,40.4,78.6,8,33,31,10,4,112,44.4,36.4,83.3,10,34,31,7,3,BKN
DET,MIL,135,46.8,56.8,81.3,9,31,30,6,2,141,55.3,37.5,71.4,8,41,30,6,6,MIL
CHA,PHI,89,41.2,24.3,71.4,7,40,23,2,7,97,42.4,20.0,83.3,6,40,21,7,6,PHI
SAS,WAS,131,53.1,38.7,73.9,14,35,38,6,10,127,47.6,31.0,87.0,14,32,28,10,4,SAS
ATL,CLE,95,39.8,28.9,66.7,11,34,25,5,4,116,50.6,37.2,87.5,4,45,32,7,6,CLE
NYK,TOR,126,54.5,35.9,80.0,15,46,27,4,7,100,41.3,32.4,56.5,11,20,29,10,5,NYK
CHI,MEM,125,51.6,42.4,81.0,13,39,32,11,5,96,42.7,31.0,82.6,3,29,28,6,4,CHI
HOU,UTA,127,42.7,33.3,63.6,23,33,27,11,10,126,45.7,30.2,77.3,16,43,28,4,8,HOU
MIN,OKC,97,41.3,37.8,72.4,9,41,22,4,7,102,39.5,33.3,85.7,9,28,21,12,4,OKC
BKN,LAC,114,48.9,35.9,75.0,6,30,29,6,5,125,50.6,50.0,84.8,8,37,26,6,5,LAC
MIA,ORL,87,37.5,32.4,83.3,12,24,22,9,1,105,47.4,32.1,78.6,12,32,21,5,5,ORL
DEN,WAS,113,48.9,36.4,67.9,13,37,29,9,11,104,42.9,29.6,81.8,12,28,31,6,9,DEN
BOS,HOU,116,43.9,36.2,72.2,16,39,31,10,12,107,43.6,28.6,68.2,11,38,26,9,3,BOS
IND,PHX,110,43.6,45.2,60.9,14,26,28,9,4,117,57.3,32.0,83.3,6,38,25,7,5,PHX
LAL,POR,134,54.7,39.4,93.1,10,35,28,9,6,110,46.7,31.0,85.0,10,25,24,7,5,LAL
DET,MIL,113,44.9,33.3,79.3,6,36,25,4,9,122,44.7,25.6,82.4,10,39,26,7,8,MIL
CLE,ORL,126,56.3,52.6,72.7,9,30,29,10,4,99,45.9,37.9,66.7,8,26,25,7,0,CLE
PHI,SAS,133,49.5,25.0,80.0,19,29,28,5,3,123,46.2,31.7,88.9,13,30,29,3,3,PHI
MEM,TOR,108,46.3,38.2,58.3,19,28,30,11,8,100,44.3,34.8,95.7,12,35,31,7,8,MEM
CHA,MIN,128,56.8,37.8,77.8,7,28,30,8,4,125,52.4,43.9,76.0,6,30,34,4,1,CHA
BOS,DAL,119,46.6,32.6,73.3,5,39,26,7,8,110,44.3,35.0,71.4,10,38,24,4,4,BOS
CHI,PHX,113,48.4,37.8,64.3,14,33,25,6,4,115,51.8,41.2,76.5,5,34,32,5,5,PHX
ATL,SAC,107,38.7,35.0,77.8,13,37,19,2,7,122,46.2,31.6,88.9,10,41,22,8,2,SAC
DEN,IND,114,50.0,33.3,88.2,11,31,22,5,9,109,49.4,23.8,85.7,7,31,24,4,1,DEN
BKN,NYK,103,44.2,35.7,80.0,13,27,29,7,5,108,46.5,34.5,94.7,11,31,21,8,8,NYK
NOP,UTA,153,57.7,50.0,66.7,12,45,41,5,4,124,46.7,33.3,81.3,6,32,27,4,8,NOP
OKC,POR,111,48.3,30.4,64.3,10,33,23,9,10,109,43.0,46.2,81.0,12,34,27,6,6,OKC
LAC,LAL,127,59.1,51.9,75.0,6,30,33,8,5,116,48.9,34.4,68.2,13,28,27,9,8,LAC
CHA,DET,106,43.7,39.5,78.9,9,39,27,5,5,113,50.0,39.5,60.0,5,39,26,4,0,DET
MIN,WAS,118,42.0,28.1,86.2,15,33,26,8,7,107,48.1,41.7,79.3,7,42,31,2,3,MIN
MEM,MIA,105,45.0,47.2,84.2,7,37,30,8,6,96,40.2,32.4,76.0,11,33,21,9,9,MEM
OKC,SAS,140,56.3,45.0,87.5,16,31,36,11,8,114,50.0,28.1,76.0,12,26,30,7,11,OKC
HOU,POR,131,53.2,33.3,86.4,8,29,29,8,6,137,51.0,42.9,91.7,13,35,31,6,4,POR
CLE,MIL,116,50.5,34.2,73.3,6,33,26,5,2,126,50.0,37.9,89.3,10,36,24,9,3,MIL
DAL,PHX,109,46.1,39.5,55.6,10,23,25,4,3,132,60.0,41.2,72.7,11,38,30,10,4,PHX
ATL,GSW,112,41.5,32.6,76.9,13,32,30,7,2,134,56.0,48.5,72.7,11,38,26,6,9,GSW
IND,PHI,134,57.0,42.9,76.2,12,43,35,6,8,122,48.3,24.1,72.1,6,25,24,13,6,IND
UTA,WAS,123,51.5,41.9,83.3,13,39,34,6,2,108,48.9,23.3,75.0,5,30,33,11,7,UTA
BKN,MIN,94,45.5,30.3,87.5,5,27,22,7,3,96,49.3,47.6,75.0,5,33,24,6,4,MIN
BOS,MIA,143,63.8,55.0,95.0,6,41,36,4,5,110,44.7,38.1,76.9,11,20,25,7,1,BOS
DEN,NYK,84,40.5,19.2,84.6,13,27,20,2,2,122,52.9,39.5,85.0,12,32,26,12,3,NYK
GSW,SAC,133,55.8,51.4,78.3,6,27,30,7,3,134,52.7,45.8,84.2,8,26,33,8,5,SAC
CHI,LAL,132,53.4,32.4,89.7,12,27,27,7,6,141,60.9,64.5,75.0,5,25,35,10,4,LAL
ATL,DAL,143,52.6,44.1,86.7,12,24,32,7,2,148,60.0,54.3,84.4,6,31,28,3,5,DAL
CHA,HOU,104,41.2,31.0,78.1,5,27,20,6,7,138,56.2,39.4,80.6,11,42,34,7,10,HOU
IND,PHX,133,53.2,30.8,60.0,21,27,34,8,3,131,57.3,43.3,88.9,7,31,24,8,5,IND
LAC,TOR,127,50.5,28.1,91.7,12,38,29,6,7,107,45.8,18.8,59.1,15,30,26,6,3,LAC
MEM,ORL,107,46.7,36.6,61.5,9,34,30,9,7,106,46.9,26.5,72.4,9,31,21,8,4,MEM
CLE,MIL,112,41.3,38.9,71.0,15,36,20,7,8,100,40.2,38.2,70.8,12,39,21,6,4,CLE
NOP,OKC,83,39.0,25.0,71.4,8,33,24,9,5,107,47.7,30.3,92.9,6,39,22,11,5,OKC
POR,SAS,100,42.2,27.0,73.7,8,29,23,11,3,116,45.7,29.4,84.6,17,42,30,12,5,SAS
DET,WAS,104,43.5,28.1,77.8,11,34,22,2,8,118,45.0,32.4,81.0,16,34,26,10,4,WAS
MIA,NYK,109,46.6,37.8,81.3,8,30,26,6,4,125,51.7,51.5,69.2,11,35,25,6,3,NYK
DEN,PHI,111,45.1,35.1,63.2,13,31,25,5,3,105,53.1,27.3,81.3,6,33,25,5,6,DEN
BKN,HOU,106,48.6,35.3,59.5,2,38,24,11,6,104,39.4,27.0,87.0,15,40,20,6,3,BKN
BOS,LAC,96,36.0,25.0,87.5,18,34,21,2,9,115,44.1,25.0,83.3,15,43,28,8,8,LAC
CHA,UTA,122,51.1,40.6,71.4,9,26,35,7,6,134,55.9,41.5,76.5,15,34,38,6,6,UTA
MIL,NOP,141,56.0,44.4,76.0,6,39,30,12,0,117,47.1,39.1,77.8,9,34,20,5,3,MIL
MIN,SAS,112,57.0,53.8,53.3,7,25,30,9,6,113,54.8,43.3,53.3,14,25,35,7,7,SAS
GSW,LAL,144,46.2,39.7,68.8,11,39,37,11,3,145,48.5,33.3,88.4,7,48,33,9,5,LAL
DAL,SAC,115,43.9,34.8,72.2,13,30,35,7,2,120,53.8,36.7,76.7,6,33,27,4,10,SAC
IND,MEM,116,48.9,37.1,93.8,11,33,31,8,6,110,46.3,36.7,74.2,13,32,20,5,7,IND
ATL,TOR,126,46.3,22.2,80.0,20,31,27,7,4,125,46.1,48.4,87.5,15,31,29,12,3,ATL
DET,OKC,120,49.5,42.3,78.9,15,38,27,6,2,104,47.8,28.6,66.7,11,32,17,7,5,DET
ORL,PHX,113,44.6,33.3,73.1,11,29,30,12,7,98,56.2,28.6,57.1,6,33,19,4,5,ORL
CHI,POR,104,46.7,25.0,70.6,5,35,27,7,10,96,40.5,18.2,89.7,7,41,22,2,5,CHI
CHA,NYK,92,45.7,34.4,50.0,9,32,23,4,6,113,52.4,32.4,81.3,7,35,25,5,3,NYK
CLE,LAC,118,48.8,32.5,80.8,11,35,28,6,3,108,47.5,32.4,75.0,6,31,28,8,3,CLE
BOS,NOP,118,50.6,37.0,75.0,6,34,27,7,5,112,50.5,28.6,76.9,9,31,21,7,6,BOS
BKN,UTA,147,51.4,46.7,94.7,16,34,41,12,9,114,45.3,33.3,79.4,12,32,23,3,7,BKN
MIA,PHX,105,39.3,38.9,100.0,8,36,20,5,5,118,48.9,35.0,70.6,10,37,30,8,8,PHX
HOU,LAL,135,53.1,33.3,76.0,14,42,36,10,2,119,49.5,37.1,61.5,4,31,26,10,6,HOU
MEM,SAC,94,37.5,36.1,75.0,9,28,22,11,1,103,51.2,28.9,60.0,11,40,24,10,1,SAC
MIN,OKC,107,48.2,48.3,86.7,9,36,21,7,2,101,44.3,40.0,77.3,8,30,21,5,7,MIN
SAS,WAS,113,46.7,40.0,88.2,10,26,31,10,7,118,53.5,36.0,70.8,14,31,32,9,8,WAS
DAL,ORL,131,62.3,48.1,74.4,3,32,27,6,2,129,51.1,47.4,75.0,12,23,27,7,1,DAL
DEN,MIL,113,48.4,22.2,87.5,9,38,29,7,4,107,42.9,40.0,76.0,7,33,24,3,7,DEN
PHI,POR,104,44.6,17.2,89.3,12,22,17,6,5,130,54.8,42.9,89.7,11,28,29,7,5,POR
ATL,LAL,138,52.5,42.1,88.9,12,34,32,10,2,122,53.3,36.4,56.0,7,30,28,12,3,ATL
BOS,IND,129,54.0,47.2,81.8,7,33,25,6,9,124,46.3,30.8,80.0,19,31,33,4,2,BOS
NYK,UTA,118,46.8,38.2,94.4,14,31,29,9,7,103,45.3,33.3,76.5,15,28,23,3,5,NYK
CHI,TOR,107,50.7,34.4,74.1,6,27,21,9,9,118,51.8,48.3,90.0,9,29,34,10,4,TOR
GSW,PHI,119,55.7,43.8,89.5,8,34,32,6,6,107,45.9,43.3,76.2,13,26,11,14,2,GSW
CHA,CHI,110,44.4,34.8,82.4,9,31,25,4,6,117,51.7,37.9,72.7,11,33,28,4,7,CHI
CLE,DET,128,52.8,34.3,95.7,10,23,26,13,5,121,55.6,51.6,78.9,7,28,27,8,3,CLE
LAC,WAS,125,47.0,40.0,86.4,18,34,25,9,7,109,46.4,31.0,66.7,12,33,19,4,10,LAC
BKN,PHX,120,50.0,41.0,76.9,8,19,28,11,1,136,62.0,50.0,75.0,9,33,35,5,6,PHX
MIA,SAC,115,50.0,46.4,78.3,7,42,38,3,2,106,44.1,30.0,66.7,12,32,26,6,3,MIA
HOU,NOP,99,40.2,29.5,94.1,5,24,19,11,2,110,50.0,32.4,70.8,12,44,20,3,6,NOP
DAL,MIN,87,40.8,20.7,73.1,9,22,18,4,4,121,56.3,43.3,60.0,9,36,31,6,4,MIN
ORL,SAS,108,47.7,35.0,82.6,12,33,29,10,5,98,45.0,29.0,70.8,7,34,24,9,9,ORL
DEN,OKC,100,39.8,40.5,68.8,12,35,21,7,9,105,42.5,42.3,80.0,15,38,24,2,9,OKC
MIL,POR,116,48.9,28.9,72.2,10,29,27,7,5,119,53.3,42.9,100.0,9,30,26,9,1,POR
BOS,LAL,105,42.3,33.3,100.0,14,40,30,4,12,114,40.4,52.8,73.1,15,37,30,11,2,LAL
IND,NYK,105,45.2,39.4,61.5,9,35,21,9,9,109,39.8,21.1,76.0,24,36,15,8,7,NYK
PHI,UTA,127,50.0,43.8,90.5,10,30,27,6,11,124,51.7,33.3,88.0,10,33,36,3,9,PHI
CLE,MEM,108,47.7,40.0,66.7,10,38,26,6,8,101,41.1,31.6,88.2,7,36,25,9,12,CLE
DET,LAC,125,50.6,42.5,75.0,13,25,28,5,3,136,59.6,48.3,84.2,7,29,31,12,5,LAC
MIA,WAS,110,43.2,22.6,77.1,14,45,24,4,1,102,41.1,26.2,81.0,6,37,28,5,4,MIA
ATL,PHX,129,51.6,38.6,77.8,12,31,29,7,4,120,53.4,37.8,85.7,8,30,31,6,5,ATL
IND,SAC,122,54.1,34.5,83.3,8,31,23,13,3,133,56.7,38.2,64.3,9,29,26,15,3,SAC
HOU,TOR,135,59.1,35.5,82.4,7,42,30,9,3,106,44.0,33.3,75.0,8,29,17,11,5,HOU
GSW,MEM,121,55.4,37.9,81.8,6,40,32,7,8,101,40.2,30.4,70.8,9,28,30,7,4,GSW
MIN,ORL,106,46.3,31.6,90.0,6,32,24,8,5,108,45.9,36.0,80.8,10,32,24,11,4,ORL
CHA,OKC,106,44.6,45.2,71.4,7,28,22,12,4,126,58.7,47.2,77.8,3,41,31,10,10,OKC
NOP,SAS,114,48.4,26.9,71.4,13,26,29,14,3,113,47.9,25.6,61.1,18,37,35,6,10,NOP
DEN,POR,120,50.5,33.3,94.1,16,32,34,3,6,108,46.3,35.7,80.0,13,24,14,7,4,DEN
BKN,PHI,136,51.6,39.2,78.3,13,40,35,3,5,121,45.8,41.4,77.8,11,33,26,7,1,BKN
ATL,GSW,141,48.2,32.6,77.3,16,41,27,5,4,134,44.6,32.1,80.0,14,43,26,4,7,ATL
CHI,SAC,115,46.2,32.4,90.9,11,36,24,13,3,123,50.0,38.5,82.8,4,36,33,12,1,SAC
LAL,NYK,113,48.8,38.7,85.2,3,35,28,4,11,105,41.0,28.6,86.7,18,33,21,1,4,LAL
DAL,MIL,117,49.4,41.0,91.3,8,34,22,9,1,129,56.8,40.0,68.0,5,31,34,13,2,MIL
CLE,SAS,117,47.4,29.5,92.3,10,41,31,6,4,101,36.7,30.0,81.0,14,40,23,6,6,CLE
DET,ORL,99,45.0,25.8,86.4,9,27,22,6,5,111,53.6,41.7,73.3,7,30,22,7,3,ORL
PHX,WAS,140,61.4,44.0,80.8,9,33,33,13,6,112,49.0,21.9,64.7,13,22,32,11,4,PHX
BOS,MEM,131,48.5,37.3,88.9,17,40,30,12,4,91,38.0,28.9,83.3,16,30,19,5,3,BOS
CHA,IND,99,39.8,27.6,84.0,11,32,18,6,5,115,48.9,33.3,77.8,11,38,34,5,4,IND
LAC,MIA,103,44.2,41.0,86.4,9,39,23,6,5,95,41.8,26.7,91.7,12,33,24,9,0,LAC
HOU,MIN,90,35.2,33.3,66.7,10,31,20,10,7,111,44.4,36.7,74.1,11,47,21,6,11,MIN
OKC,TOR,135,47.3,36.5,100.0,14,31,40,6,8,127,47.5,40.0,81.0,11,37,38,6,5,OKC
MIL,UTA,108,46.4,36.6,60.0,7,25,27,8,3,123,48.3,38.6,83.3,12,40,31,3,3,UTA
DEN,POR,112,48.8,42.9,84.2,14,28,26,8,6,103,45.9,35.5,93.3,15,27,29,6,3,DEN
CHA,LAL,118,49.0,40.6,78.6,5,29,26,9,1,124,56.2,23.5,84.2,7,41,36,5,6,LAL
CLE,SAC,136,58.0,56.1,64.7,5,40,36,10,5,110,46.2,38.6,58.3,10,30,28,5,1,CLE
DAL,PHI,118,48.3,39.5,73.9,8,36,28,6,4,102,43.0,27.6,70.0,16,35,20,8,5,DAL
ATL,LAC,144,53.7,51.3,81.5,13,26,35,5,4,149,58.4,60.0,77.4,8,28,32,8,5,LAC
BKN,GSW,98,38.2,31.0,77.3,11,27,23,7,12,109,46.2,18.2,82.6,16,44,24,7,8,GSW
NOP,TOR,138,51.0,42.2,100.0,17,34,36,11,5,100,47.6,32.3,66.7,10,28,27,4,6,NOP
HOU,IND,129,51.5,48.0,73.9,20,28,26,5,3,132,62.8,46.9,64.3,5,20,35,7,7,IND
BKN,DAL,107,45.1,36.4,86.7,8,35,33,6,5,119,50.5,44.2,61.5,6,39,25,7,3,DAL
MIA,ORL,121,54.0,36.1,77.8,11,34,31,10,3,95,43.8,28.6,71.4,8,31,25,7,3,MIA
MEM,NYK,113,51.3,56.8,62.5,8,27,33,4,5,123,55.8,40.7,80.0,8,29,28,12,5,NYK
CHI,MIN,129,48.4,40.0,84.4,13,35,24,9,16,123,45.7,44.4,73.1,10,32,28,6,5,CHI
OKC,UTA,117,47.8,51.4,66.7,9,23,26,9,9,124,51.7,40.0,90.0,15,33,29,9,8,UTA
MIL,PHX,106,43.3,32.5,60.0,10,34,23,10,4,114,50.6,28.6,66.7,8,41,17,8,5,PHX
CHA,TOR,117,48.9,41.0,65.0,9,29,27,6,2,123,53.1,51.5,83.3,7,34,30,5,3,TOR
GSW,PHI,127,50.0,42.1,77.3,12,40,30,7,8,104,41.8,25.0,100.0,11,29,21,7,8,GSW
CLE,WAS,114,48.9,34.3,72.7,7,39,25,4,5,106,44.7,40.0,66.7,12,35,27,10,5,CLE
ATL,BOS,117,42.2,31.7,90.0,13,36,24,8,2,125,52.7,34.7,90.9,6,39,33,6,9,BOS
MIA,SAS,116,49.4,31.6,78.3,5,40,29,8,2,104,45.6,32.4,58.8,6,40,30,6,2,MIA
LAC,NOP,106,46.2,37.5,84.6,8,29,23,7,2,117,53.4,37.5,68.8,8,30,30,13,5,NOP
DET,SAC,133,56.0,54.8,100.0,6,42,32,2,2,120,47.4,34.1,68.2,5,28,31,7,6,DET
GSW,IND,131,55.9,53.1,76.9,10,39,33,7,7,109,48.1,38.7,70.4,7,23,31,11,6,GSW
ORL,SAS,127,59.8,59.3,65.0,8,31,34,11,5,111,51.9,31.4,94.1,4,23,29,7,5,ORL
BKN,CLE,95,39.8,40.0,78.6,12,22,22,9,3,118,53.8,40.5,100.0,7,41,26,8,13,CLE
DAL,NYK,122,52.4,42.9,78.3,6,34,30,7,6,108,44.7,37.8,90.9,14,32,27,5,2,DAL
CHI,MEM,118,54.4,46.2,90.9,8,38,24,3,4,110,46.2,39.1,61.5,9,25,26,8,4,CHI
MIL,MIN,105,49.4,42.4,68.8,10,25,35,6,3,129,55.2,51.2,75.0,12,31,34,8,3,MIN
PHX,UTA,129,59.1,48.3,68.8,5,32,37,10,7,115,43.6,34.3,67.7,19,33,28,7,7,PHX
DEN,LAL,114,48.5,43.8,85.7,14,36,33,4,6,106,46.1,32.0,72.7,10,29,27,12,10,DEN
DET,POR,128,48.4,59.3,71.0,16,29,26,3,7,122,46.1,36.7,87.9,11,27,29,9,7,DET
ATL,PHI,127,51.9,44.4,81.8,9,31,31,4,9,121,42.9,33.3,75.9,18,31,24,7,6,ATL
BOS,WAS,133,52.2,32.4,92.9,9,40,25,9,5,129,47.4,42.6,90.5,5,34,32,8,1,BOS
HOU,TOR,104,44.7,39.5,81.3,12,36,22,5,3,107,42.1,30.3,89.5,16,25,24,14,8,TOR
CHA,MIL,84,34.2,24.1,79.3,8,40,17,2,2,120,43.6,34.6,83.3,10,43,26,8,5,MIL
DEN,SAC,106,46.3,34.5,71.4,9,26,26,9,5,135,58.6,50.0,88.9,6,36,32,11,1,SAC
LAL,NOP,139,55.7,45.2,84.4,5,27,32,5,5,122,51.7,37.9,82.6,10,31,28,5,7,LAL
DAL,OKC,146,58.2,39.5,75.8,11,43,30,8,3,111,38.8,36.2,85.7,12,28,23,5,4,DAL
DET,LAC,106,44.1,30.0,100.0,14,43,27,7,2,112,45.1,33.3,96.2,0,35,20,9,6,LAC
BKN,SAS,123,56.3,50.0,72.7,9,32,31,8,7,103,39.6,32.4,95.2,15,26,20,5,3,BKN
CHA,MEM,115,57.3,51.6,71.4,5,38,30,8,4,106,46.7,36.4,50.0,9,23,33,12,5,CHA
CHI,ORL,108,43.4,32.4,71.4,18,25,21,10,6,114,46.6,33.3,73.1,13,35,23,4,6,ORL
PHI,WAS,119,48.0,29.6,65.2,13,35,28,8,4,113,48.8,37.1,76.2,7,32,28,7,8,PHI
ATL,HOU,122,45.5,34.1,75.7,9,32,25,7,8,113,44.0,30.2,63.2,16,42,22,6,6,ATL
IND,NYK,125,61.0,48.3,57.9,6,35,30,4,3,111,47.6,31.3,91.3,5,27,16,7,4,IND
CLE,TOR,119,52.2,34.1,69.2,14,33,36,5,4,95,40.2,29.0,69.6,12,28,22,7,3,CLE
GSW,PHX,113,44.6,41.5,54.5,13,39,33,6,2,112,45.7,32.4,93.8,9,33,28,9,8,GSW
NOP,POR,93,47.4,37.0,68.8,8,28,27,9,6,84,43.4,28.6,70.6,11,31,19,7,4,NOP
BOS,MIA,110,50.6,41.0,70.6,6,36,27,1,9,106,41.2,30.0,93.3,14,31,21,4,2,BOS
OKC,SAC,127,54.1,48.1,81.5,5,31,30,8,9,113,48.9,38.1,69.2,10,30,32,5,5,OKC
CHA,IND,111,53.7,29.4,81.3,5,41,27,5,3,102,50.6,26.7,62.5,2,30,31,9,3,CHA
CLE,PHI,121,47.8,35.1,80.0,15,28,33,6,8,123,54.5,42.3,84.2,11,31,25,5,4,PHI
ATL,CHI,126,46.8,32.6,82.8,15,34,33,4,3,136,55.4,46.4,72.4,7,36,29,6,2,CHI
SAS,TOR,122,52.9,36.7,82.6,5,41,37,12,13,99,39.8,25.8,81.3,16,31,25,11,4,SAS
HOU,NYK,105,45.0,38.5,69.7,12,27,22,12,3,103,45.7,33.3,58.3,19,32,19,4,4,HOU
MEM,NOP,87,42.0,27.3,87.5,3,33,28,7,8,96,41.0,37.1,79.2,12,37,21,12,4,NOP
DEN,MIL,95,38.3,27.5,70.6,12,36,24,7,2,112,50.0,47.1,66.7,9,42,30,8,6,MIL
DAL,WAS,112,44.8,25.0,65.4,12,44,27,7,12,104,41.5,21.9,60.0,12,40,27,9,7,DAL
GSW,UTA,129,48.0,45.5,76.5,12,39,31,8,4,107,44.6,34.4,87.5,9,35,23,8,7,GSW
LAC,MIN,100,40.5,32.1,88.5,10,26,20,6,3,121,53.5,32.4,94.7,9,32,33,9,7,MIN
BKN,BOS,110,49.4,45.5,65.4,7,30,28,6,3,118,51.8,40.5,73.9,7,32,31,6,1,BOS
OKC,ORL,127,54.8,40.6,91.7,4,27,28,9,8,113,45.1,30.6,80.0,14,34,29,6,3,OKC
MIA,MIL,123,51.7,47.5,77.8,7,40,34,10,3,97,44.6,33.3,90.9,5,33,24,8,4,MIA
PHX,SAC,130,51.8,41.9,80.6,7,32,29,11,6,125,51.6,29.0,75.0,15,35,27,8,6,PHX
MIN,POR,121,46.4,39.4,88.2,12,29,24,8,9,109,44.8,37.9,80.0,12,32,26,5,1,MIN
DET,LAL,111,41.7,28.6,76.5,17,33,30,8,2,125,51.2,40.0,83.3,7,40,32,6,11,LAL
ATL,CHA,99,40.4,23.7,90.0,15,30,23,5,6,122,49.4,40.5,95.0,12,34,27,7,4,CHA
NYK,ORL,100,41.7,37.9,79.2,16,18,15,8,0,118,63.2,46.2,90.9,7,27,25,7,7,ORL
MIA,PHI,109,47.7,31.4,93.3,10,33,27,10,1,104,47.7,28.6,75.0,6,33,29,3,1,MIA
BKN,BOS,86,38.3,32.3,93.3,6,25,27,5,1,136,57.1,48.9,83.3,10,41,32,6,5,BOS
CHI,CLE,105,45.8,42.4,88.2,9,35,18,5,3,108,48.2,32.4,76.2,6,30,31,6,2,CLE
IND,TOR,127,48.5,41.5,69.6,9,30,32,9,9,125,51.0,23.1,73.1,15,41,30,6,7,IND
HOU,MEM,113,41.2,30.6,64.3,22,34,20,9,4,121,49.4,42.9,68.3,8,38,27,8,11,MEM
NOP,WAS,133,56.2,31.3,79.3,8,31,36,14,6,126,47.8,46.7,85.0,15,27,35,7,3,NOP
DAL,SAS,116,53.3,36.7,70.0,8,47,28,6,10,93,36.0,25.0,73.3,13,31,29,8,7,DAL
DEN,SAC,98,39.3,34.6,86.4,12,33,27,6,5,102,43.8,27.3,78.9,10,38,21,7,5,SAC
DET,PHX,100,38.4,27.0,63.6,16,32,26,14,5,116,45.5,32.3,81.8,9,45,28,15,11,PHX
LAL,UTA,138,57.1,45.2,83.3,5,32,34,8,4,122,48.5,31.1,76.9,15,29,29,5,7,LAL
GSW,LAC,125,45.6,38.3,72.2,13,34,34,7,2,130,50.0,34.2,78.4,12,36,28,6,4,LAC
GSW,UTA,140,53.3,47.6,78.6,13,28,42,8,6,137,46.2,44.9,90.6,17,31,33,10,3,GSW
MEM,MIL,113,53.0,50.0,63.2,7,33,30,9,3,110,46.7,25.0,75.0,11,33,24,10,5,MEM
MIN,POR,128,51.7,36.7,92.6,11,41,24,8,5,91,37.3,27.6,70.0,9,26,18,8,5,MIN
CLE,ORL,109,55.7,45.5,80.8,7,26,31,8,5,116,51.2,56.0,88.9,10,23,26,8,3,ORL
DET,IND,115,52.8,40.0,50.0,6,35,27,6,4,129,53.2,43.3,84.2,7,35,36,10,5,IND
NYK,PHI,110,48.1,44.1,70.4,12,33,24,11,6,96,44.0,34.5,85.7,7,31,23,7,3,NYK
BKN,TOR,93,41.3,29.7,72.7,6,33,19,7,2,121,48.8,45.2,83.3,7,38,24,10,6,TOR
DAL,PHX,123,47.8,43.2,85.7,10,29,24,10,5,113,48.2,41.7,75.0,11,30,20,7,4,DAL
BOS,CHI,129,54.2,48.9,76.2,5,31,27,10,11,112,46.8,35.7,87.5,13,32,30,6,2,BOS
HOU,NOP,105,43.9,36.6,64.3,12,32,27,6,5,127,52.1,39.0,61.1,9,34,35,16,6,NOP
LAC,OKC,107,45.2,37.5,84.6,11,31,27,6,2,129,55.6,48.6,70.6,8,36,24,9,11,OKC
DEN,WAS,130,55.4,22.6,73.3,13,47,41,11,11,110,38.5,44.7,56.5,14,26,30,14,1,DEN
CHA,UTA,115,43.5,47.6,68.2,12,30,28,11,3,107,43.0,23.1,88.9,15,39,26,3,2,CHA
GSW,LAL,128,46.7,39.0,85.7,15,33,32,6,4,110,48.9,28.6,66.7,10,31,28,5,9,GSW
SAC,SAS,127,55.9,39.4,71.4,7,35,29,5,6,122,51.0,44.0,68.8,11,31,37,9,5,SAC
ATL,TOR,121,43.4,30.8,70.8,20,34,27,5,4,123,49.0,38.5,100.0,11,36,37,3,7,TOR
CLE,PHI,97,42.5,29.6,67.7,5,38,24,5,8,104,44.4,41.4,80.0,9,42,20,6,7,PHI
HOU,PHX,114,39.8,33.3,73.5,17,37,25,8,5,110,40.0,22.6,77.1,19,39,23,10,8,HOU
LAC,MEM,101,44.0,37.5,88.2,14,37,20,7,2,95,41.8,22.9,68.8,14,27,26,12,3,LAC
MIL,MIN,112,47.1,35.1,68.0,11,36,24,10,4,107,43.9,37.1,61.5,16,36,23,8,4,MIL
OKC,WAS,147,59.8,50.0,81.0,8,48,30,5,9,106,39.4,23.7,71.4,16,27,20,10,3,OKC
MIA,NOP,106,46.3,44.8,68.0,10,36,20,6,11,95,37.5,21.9,76.9,18,36,20,6,7,MIA
CHA,GSW,84,36.4,28.2,81.8,13,30,21,13,6,97,42.7,31.0,80.0,13,40,28,7,7,GSW
DEN,POR,127,58.8,39.4,63.6,11,34,38,8,6,112,45.5,32.0,66.7,19,26,25,11,2,DEN
LAL,SAS,123,51.6,40.7,77.8,10,36,28,7,4,118,43.8,39.5,82.6,16,31,33,9,7,LAL
DET,ORL,109,50.6,45.2,69.2,7,29,29,7,7,112,49.4,50.0,66.7,13,33,25,9,9,ORL
BKN,MIN,86,33.7,17.1,90.9,16,40,20,7,2,101,42.9,31.6,73.9,6,45,22,6,9,MIN
BOS,NYK,116,56.8,42.9,75.0,11,25,27,8,4,102,45.1,34.2,93.8,15,24,21,1,3,BOS
MIL,PHI,119,54.4,48.6,83.3,7,40,32,6,10,98,37.1,34.8,90.9,13,28,24,12,5,MIL
LAL,PHX,113,52.2,42.9,50.0,3,31,28,7,4,123,47.3,42.5,94.7,14,37,32,6,9,PHX
DAL,IND,111,47.1,45.2,71.4,8,30,15,9,4,133,55.9,38.9,88.2,6,40,38,12,0,IND
CLE,WAS,114,50.6,31.3,74.1,6,41,35,6,6,105,44.4,30.0,72.2,4,36,29,6,2,CLE
ATL,ORL,109,45.6,41.4,88.2,9,35,31,10,3,92,41.7,36.8,44.4,14,37,23,7,9,ATL
HOU,OKC,110,40.9,39.0,78.3,13,37,18,6,7,123,47.4,48.6,93.3,10,38,30,12,8,OKC
CHI,NOP,114,43.2,32.5,90.5,12,37,29,12,0,106,45.5,39.0,71.4,12,37,25,5,7,CHI
DEN,GSW,119,48.9,34.4,84.6,12,33,29,10,5,103,43.2,32.4,75.9,11,31,27,5,3,DEN
SAS,UTA,109,46.2,41.9,63.2,10,36,34,8,11,128,51.1,48.6,86.4,5,33,36,13,8,UTA
CHA,POR,93,49.3,29.2,70.6,4,37,24,12,6,80,34.7,9.4,68.8,22,34,14,11,4,CHA
LAC,SAC,107,48.8,29.6,95.0,10,29,23,7,2,123,49.5,40.5,81.8,14,27,29,10,1,SAC
DET,NYK,111,48.1,46.7,80.8,10,32,25,9,6,113,44.6,38.5,76.2,15,29,31,9,4,NYK
IND,TOR,122,46.0,31.0,73.9,13,30,27,8,5,130,55.2,42.9,70.6,12,33,35,4,7,TOR
BKN,MEM,111,48.9,35.7,57.1,12,34,32,5,5,86,38.7,26.9,80.8,8,32,16,6,4,BKN
MIA,SAC,121,51.7,36.7,80.0,10,29,27,12,3,110,52.9,40.6,58.3,11,30,30,10,5,MIA
CLE,DAL,121,53.0,50.0,72.2,9,38,35,2,4,119,52.7,42.4,60.0,5,31,23,11,6,CLE
BKN,ORL,81,39.2,25.8,78.6,9,26,18,10,1,108,52.7,36.0,84.0,5,33,20,14,2,ORL
GSW,WAS,123,50.0,45.7,72.7,9,35,39,12,6,112,49.5,34.3,80.0,11,30,34,5,5,GSW
ATL,UTA,124,49.5,37.5,87.0,15,40,27,8,8,97,37.2,28.9,84.2,12,31,24,11,4,ATL
BOS,PHI,117,52.7,22.7,91.9,9,47,21,7,9,99,39.4,33.3,91.7,8,20,20,6,5,BOS
NOP,NYK,115,50.6,52.9,82.6,10,34,23,4,5,92,37.3,30.4,69.6,13,25,27,6,5,NOP
MIN,SAS,114,46.2,41.9,88.2,11,35,28,16,8,105,47.6,39.0,73.3,7,34,28,9,7,MIN
CHI,DET,95,39.8,6.9,83.3,15,24,22,11,3,105,49.3,37.8,73.9,8,39,22,3,8,DET
CHA,MIL,85,37.0,27.5,82.4,5,32,24,6,2,123,51.7,40.0,83.3,11,40,29,7,3,MIL
HOU,OKC,95,38.9,23.1,66.7,12,34,22,5,8,112,47.3,37.0,77.8,12,43,19,7,8,OKC
MIA,POR,106,52.9,53.8,69.2,6,28,29,8,8,96,40.7,32.3,84.2,15,25,24,9,4,MIA
IND,NOP,123,49.0,36.8,100.0,14,36,34,5,9,114,46.7,37.9,82.6,7,33,26,2,4,IND
DAL,TOR,136,54.2,34.9,81.0,11,39,32,7,10,125,46.9,37.1,66.7,12,32,34,11,3,DAL
MEM,MIN,101,38.7,29.7,90.0,17,33,23,8,5,110,49.4,40.0,81.8,5,34,29,4,13,MIN
CHI,CLE,132,40.0,35.1,81.6,25,49,29,6,8,123,43.3,40.7,57.9,5,34,37,7,11,CHI
DEN,SAC,117,53.5,42.9,90.9,5,38,35,10,6,96,40.0,34.3,61.5,15,28,28,8,5,DEN
LAC,LAL,112,50.6,27.0,75.0,9,27,29,10,1,116,54.7,38.9,80.0,8,31,28,6,5,LAL
CHA,MIL,99,43.9,30.8,75.0,9,33,24,3,3,111,45.3,41.0,85.0,8,36,21,9,3,MIL
ORL,UTA,115,54.5,33.3,67.7,10,35,27,9,6,107,42.5,43.2,82.1,7,30,25,8,1,ORL
ATL,BKN,97,43.0,28.6,71.4,8,31,18,3,8,124,51.1,47.8,76.9,8,35,30,6,4,BKN
GSW,NYK,110,44.9,31.8,50.0,16,37,26,8,5,99,36.8,30.8,70.8,17,39,23,7,3,GSW
OKC,SAS,118,49.4,29.0,95.5,7,30,20,6,2,132,52.7,48.7,85.0,11,34,39,6,8,SAS
HOU,PHX,105,33.3,24.4,90.3,19,39,14,8,5,110,40.4,35.1,67.6,14,37,20,6,6,PHX
DEN,MIA,103,42.9,35.3,90.5,9,32,22,10,8,97,42.2,26.9,83.3,9,36,21,10,1,DEN
LAL,WAS,134,52.5,34.8,83.3,7,38,30,6,6,131,51.0,41.5,83.3,10,35,35,6,6,LAL
CLE,DET,110,39.8,43.9,86.7,12,41,25,7,6,100,37.1,27.8,85.7,9,33,24,10,7,CLE
CHA,PHI,114,51.2,42.4,82.4,7,25,24,5,6,121,47.9,43.2,90.9,15,33,38,5,7,PHI
BOS,DAL,138,55.3,48.8,100.0,9,38,33,4,8,110,46.8,26.5,72.2,10,32,20,4,4,BOS
GSW,TOR,120,44.9,40.9,77.8,15,41,26,10,5,105,43.2,26.7,64.7,11,36,31,9,2,GSW
MEM,POR,92,44.3,37.5,59.1,8,22,15,6,8,122,52.2,41.9,81.3,16,30,31,13,8,POR
MIN,SAC,120,49.4,38.7,75.0,8,36,29,4,5,124,50.0,37.9,54.2,14,31,29,8,6,SAC
IND,NOP,102,42.1,31.3,66.7,17,27,25,9,8,129,55.8,46.9,69.2,11,36,25,9,4,NOP
CHI,MIL,97,41.9,40.7,87.5,7,37,25,4,2,113,43.0,32.6,75.0,11,38,22,7,4,MIL
LAC,WAS,140,57.4,40.6,76.0,9,40,32,5,7,115,46.9,35.3,73.3,9,30,29,5,3,LAC
ATL,BKN,102,42.5,32.4,73.9,12,30,23,4,4,114,46.6,46.9,77.3,12,33,28,6,8,BKN
MIA,UTA,126,52.3,38.2,84.0,8,26,33,6,6,120,48.3,40.0,84.6,12,30,24,3,5,MIA
MEM,POR,100,36.1,37.5,75.8,9,36,21,15,9,107,42.4,31.4,75.0,13,37,23,8,5,POR
DEN,LAL,124,58.7,42.3,71.4,11,36,34,5,7,114,52.8,41.4,72.7,6,25,33,5,4,DEN
HOU,PHX,118,43.8,38.1,69.2,13,36,27,13,3,109,45.9,31.0,75.9,9,38,23,6,6,HOU
DAL,PHI,116,46.5,39.0,87.0,12,33,20,6,2,120,45.5,29.7,93.5,13,29,26,10,5,PHI
BOS,GSW,140,55.2,51.0,81.8,7,44,35,10,5,88,39.1,17.1,69.2,12,34,24,2,3,BOS
LAC,MIN,89,37.6,29.4,88.2,7,33,17,7,5,88,38.8,27.3,94.4,12,42,24,4,7,LAC
DET,ORL,91,38.4,22.2,85.0,5,23,25,11,2,113,59.7,30.4,80.0,7,41,24,7,6,ORL
CHA,TOR,106,46.7,29.6,75.0,11,34,24,8,6,111,46.2,34.2,77.8,11,34,27,8,6,TOR
CLE,NYK,98,44.8,38.6,37.5,10,29,31,7,5,107,48.8,41.0,70.0,10,37,32,8,9,NYK
IND,SAS,105,44.1,20.0,81.0,14,28,20,9,4,117,54.1,40.0,78.9,10,35,33,6,8,SAS
OKC,PHX,118,48.0,29.0,73.3,10,31,21,16,8,110,44.0,35.9,88.9,15,35,26,2,7,OKC
BKN,MEM,102,44.3,35.7,56.7,12,21,27,10,6,106,46.3,32.4,81.8,15,35,26,6,3,MEM
LAC,MIL,106,44.0,40.0,64.0,5,33,25,9,3,113,47.4,39.5,85.7,7,39,20,8,3,MIL
MIN,POR,119,50.6,39.3,75.7,12,28,28,9,7,114,48.9,41.0,72.7,12,29,28,5,3,MIN
UTA,WAS,127,48.5,40.0,86.7,11,40,29,6,9,115,42.6,42.1,82.6,10,33,26,6,3,UTA
CHI,SAC,113,50.0,34.4,81.8,7,25,28,9,2,109,44.6,29.7,88.9,20,31,29,6,6,CHI
LAL,OKC,116,51.3,47.1,72.0,12,43,29,8,7,104,39.4,38.5,93.8,13,25,22,12,7,LAL
CHA,ORL,89,45.8,36.4,100.0,3,28,19,7,1,101,54.1,37.1,53.3,8,33,23,9,1,ORL
BOS,CLE,104,41.9,39.5,91.7,14,39,24,6,9,105,43.3,47.6,63.6,8,34,28,11,3,CLE
BKN,PHI,112,48.8,40.0,75.0,10,34,25,4,7,107,48.8,42.9,78.9,8,30,25,6,2,BKN
DET,MIA,110,43.8,28.6,90.9,10,32,26,5,3,118,49.4,45.2,87.0,8,34,27,7,5,MIA
ATL,NYK,116,50.6,32.3,78.3,13,38,26,6,5,100,38.4,30.8,72.7,17,23,27,8,6,ATL
NOP,TOR,139,50.5,49.0,81.8,17,45,38,9,5,98,38.7,29.5,59.1,11,34,21,6,7,NOP
HOU,SAS,114,46.7,26.5,63.6,16,35,23,15,5,101,43.7,33.3,81.3,12,38,24,1,10,HOU
DAL,IND,120,48.4,33.3,81.0,9,32,23,5,6,137,53.8,46.2,79.2,9,34,34,3,2,IND
DEN,PHX,107,42.7,37.5,71.4,10,41,25,6,6,117,43.8,44.1,81.8,11,41,32,9,7,PHX
ORL,WAS,119,54.3,46.2,90.5,9,33,21,4,5,109,45.5,31.6,85.0,9,26,26,7,4,ORL
ATL,CLE,112,51.2,36.7,75.0,8,34,27,7,3,101,43.8,22.7,76.5,10,32,27,5,4,ATL
MEM,PHI,115,45.1,35.1,87.0,15,39,21,3,15,109,38.2,37.1,85.7,17,30,25,11,9,MEM
HOU,LAC,116,47.9,43.2,58.8,13,25,33,6,2,122,55.0,41.4,84.6,8,33,19,5,8,LAC
CHI,UTA,119,50.0,43.6,80.0,7,32,29,7,4,117,45.8,31.9,87.5,14,31,28,4,7,CHI
GSW,MIL,125,56.0,48.7,57.1,8,42,37,10,13,90,38.2,28.2,73.3,6,30,19,8,5,GSW
OKC,POR,128,58.1,40.9,84.6,7,32,23,10,5,120,50.6,41.2,88.9,7,25,27,10,2,OKC
LAL,SAC,120,51.9,46.9,84.0,3,31,25,4,5,130,55.7,38.7,83.3,9,37,32,8,2,SAC
BKN,DET,112,48.8,41.5,72.2,4,24,24,12,4,118,52.4,40.0,95.2,13,37,24,7,4,DET
IND,MIN,111,51.2,38.5,73.9,7,32,26,5,10,113,46.9,28.0,73.7,13,35,23,9,6,MIN
DAL,MIA,114,46.0,39.0,78.3,10,35,27,5,6,108,48.8,44.7,64.7,2,35,30,7,2,DAL
PHX,TOR,120,51.2,42.9,85.0,10,39,29,6,6,113,45.7,36.4,73.3,9,27,30,5,2,PHX
BOS,DEN,109,45.1,28.9,64.0,13,34,24,6,3,115,50.0,19.0,95.5,8,37,27,10,4,DEN
CHI,GSW,125,52.9,44.4,73.9,7,33,29,6,5,122,45.4,26.2,82.1,13,35,31,8,2,CHI
SAC,SAS,131,51.0,31.3,94.4,14,32,31,8,3,129,50.5,48.5,100.0,9,28,39,8,4,SAC
NOP,PHI,103,44.3,35.5,95.7,9,39,22,7,10,95,39.8,24.3,80.0,13,29,21,8,7,NOP
CHA,WAS,100,40.0,21.4,73.3,13,35,18,6,5,112,49.4,18.2,87.0,10,44,25,5,11,WAS
CLE,MIN,113,43.2,32.4,72.2,10,36,27,7,8,104,41.5,26.7,81.8,7,38,25,5,5,CLE
NYK,ORL,98,48.1,48.5,75.0,11,32,20,7,10,74,34.2,23.1,70.0,12,25,12,7,10,NYK
ATL,MEM,99,42.5,42.9,66.7,15,32,21,9,5,92,40.5,38.5,73.3,10,28,21,10,11,ATL
MIA,OKC,100,46.3,37.9,72.2,7,36,24,6,5,107,47.2,31.6,84.6,9,36,28,5,8,OKC
LAL,MIL,123,52.2,47.1,68.4,4,34,27,2,7,122,49.5,39.0,82.4,6,37,28,3,2,LAL
HOU,POR,123,47.9,37.8,73.1,14,33,33,12,10,107,41.6,45.7,68.0,19,30,22,5,5,HOU
CHI,LAC,102,43.0,37.1,78.9,12,26,27,7,3,112,50.0,34.3,88.9,9,36,29,7,6,LAC
BKN,CHA,99,40.0,33.3,76.5,16,25,22,4,2,110,54.3,36.7,73.3,9,36,26,9,3,CHA
DAL,DET,142,55.4,36.8,81.3,4,32,29,13,8,124,45.5,35.1,84.0,20,36,27,8,4,DAL
BOS,PHX,117,48.9,38.5,76.9,13,30,29,7,4,107,50.6,29.0,62.5,10,31,21,6,1,BOS
GSW,SAS,113,46.6,33.3,72.4,9,30,26,9,7,126,51.2,51.5,75.0,12,37,34,6,6,SAS
DEN,UTA,142,66.3,59.4,81.3,5,27,40,8,10,121,50.0,30.8,76.0,14,22,22,7,2,DEN
POR,TOR,128,47.6,40.0,93.3,18,34,31,10,3,118,47.3,37.2,84.2,9,34,29,9,6,POR
LAC,MIL,117,45.2,29.8,90.0,17,35,30,3,9,124,49.4,44.7,77.8,7,34,28,5,6,MIL
ATL,NOP,103,41.8,37.0,76.9,12,29,28,6,4,116,57.3,51.9,72.7,4,39,32,8,7,NOP
MIA,WAS,108,45.3,30.3,66.7,16,35,20,9,6,110,48.1,41.0,72.7,6,34,35,5,5,WAS
NYK,PHI,73,32.5,22.5,75.0,16,34,19,9,5,79,38.8,30.0,57.1,14,33,20,9,5,PHI
IND,ORL,111,48.7,34.8,81.8,5,41,20,5,10,97,37.5,25.0,75.9,13,33,18,7,3,IND
HOU,SAC,112,46.4,41.4,81.5,6,36,23,8,1,104,45.3,18.8,87.0,7,37,24,10,5,HOU
BKN,CLE,120,53.2,51.4,90.0,8,32,33,7,3,101,48.7,43.8,65.0,5,26,25,8,4,BKN
MEM,OKC,93,41.0,33.3,66.7,8,31,21,8,4,124,52.7,44.7,100.0,8,38,36,8,6,OKC
LAL,MIN,120,53.0,41.7,75.9,14,42,29,9,4,109,42.3,34.8,84.6,11,27,27,8,6,LAL
CHA,DET,97,38.6,32.5,69.6,9,31,27,7,2,114,47.7,23.8,91.7,9,42,26,8,5,DET
CLE,PHX,111,47.6,32.6,84.2,10,27,30,9,0,117,54.8,37.5,68.4,12,30,23,8,6,PHX
CHI,DAL,92,39.3,20.6,68.2,14,29,19,6,2,127,54.8,31.7,80.0,10,39,33,10,6,DAL
GSW,SAS,112,49.5,44.4,66.7,10,35,28,7,4,102,41.9,37.8,66.7,13,37,27,6,10,GSW
DEN,TOR,125,54.7,34.5,61.1,11,31,36,8,8,119,50.5,36.7,82.4,11,31,30,6,4,DEN
BOS,POR,121,49.0,37.5,66.7,14,31,34,7,10,99,44.8,35.7,100.0,9,29,23,3,5,BOS
NYK,PHI,106,50.6,35.0,80.0,9,42,32,4,4,79,37.5,24.2,68.8,7,24,17,7,4,NYK
MEM,WAS,109,44.7,24.2,81.0,17,36,27,8,7,97,45.1,30.6,75.0,4,24,26,9,3,MEM
IND,OKC,121,53.9,32.1,84.2,4,39,34,8,10,111,43.4,37.8,73.3,13,37,24,5,4,IND
HOU,SAS,103,46.3,31.3,90.5,8,28,21,10,5,101,47.6,30.6,85.7,10,32,30,9,5,HOU
BOS,UTA,123,46.7,40.8,89.5,14,32,25,5,8,107,47.7,46.9,90.9,9,29,23,4,7,BOS
LAC,MIN,100,47.2,36.7,84.0,8,26,22,7,4,118,51.1,36.4,71.4,19,29,26,11,6,MIN
MIL,SAC,94,36.6,17.9,77.1,10,34,23,3,2,129,53.3,45.0,81.3,6,45,34,11,1,SAC
DET,TOR,113,44.3,36.7,77.4,11,47,27,7,7,104,44.1,25.0,68.4,3,34,32,13,8,DET
BKN,ORL,106,46.9,26.9,85.2,8,24,21,7,4,114,51.9,43.8,76.9,6,28,29,6,6,ORL
CHI,IND,132,52.2,35.7,81.3,7,41,22,6,5,129,46.5,31.1,82.1,9,38,30,4,6,CHI
DEN,MIA,100,48.8,33.3,69.2,7,34,24,4,2,88,42.5,23.8,83.3,8,34,18,5,2,DEN
CHA,MEM,110,53.7,36.1,69.2,6,29,26,12,7,98,42.4,40.0,90.9,16,30,24,12,5,CHA
CLE,NOP,116,51.1,44.4,66.7,8,38,38,4,4,95,43.8,18.2,80.8,7,36,22,7,6,CLE
DAL,GSW,109,53.7,22.2,78.9,9,33,30,6,13,99,40.2,32.1,84.2,15,27,19,9,3,DAL
ATL,POR,102,43.2,35.9,66.7,13,25,19,11,6,106,46.3,33.3,83.3,12,37,24,7,5,POR
LAL,SAC,107,48.7,43.8,77.3,7,31,25,8,2,120,52.3,46.3,75.0,9,35,30,11,2,SAC
BOS,PHX,127,52.8,50.0,72.7,6,27,31,12,5,112,47.5,35.5,70.0,19,32,27,4,3,BOS
CHI,LAC,111,47.7,45.7,81.3,11,25,28,4,2,126,60.0,50.0,71.4,6,29,32,9,2,LAC
HOU,WAS,135,58.6,42.9,87.5,8,39,24,7,1,119,49.5,31.6,78.9,7,25,29,11,2,HOU
MIL,PHI,114,54.2,44.4,83.3,6,31,29,6,4,105,49.4,48.6,71.4,6,24,20,6,4,MIL
DAL,OKC,119,51.2,41.4,80.8,10,30,25,6,2,126,52.3,41.0,87.0,8,26,28,10,7,OKC
NYK,POR,105,43.7,20.7,88.5,15,35,16,11,1,93,40.5,33.3,87.5,13,32,19,10,2,NYK
CHA,PHX,96,37.2,16.2,74.1,12,36,20,6,3,107,46.0,28.9,80.0,10,47,31,3,3,PHX
DET,MIA,95,42.9,26.3,86.7,9,39,27,5,2,108,47.3,20.6,71.4,9,35,23,14,6,MIA
ORL,TOR,113,50.0,45.2,86.4,6,33,25,7,4,103,46.9,41.2,65.0,9,31,24,11,4,ORL
LAC,NOP,104,48.1,36.4,94.7,5,32,18,6,8,112,48.3,37.1,75.0,9,31,28,8,2,NOP
DEN,SAS,117,55.1,40.0,75.0,7,33,37,13,5,106,45.7,37.9,77.8,12,32,23,6,4,DEN
ATL,UTA,122,44.6,51.3,74.1,11,30,32,7,5,124,51.1,38.9,90.0,10,39,24,6,7,UTA
CLE,HOU,103,45.1,31.6,85.0,7,38,22,6,7,117,48.0,35.7,66.7,11,37,28,9,7,HOU
BKN,IND,100,42.9,40.0,77.4,12,33,18,8,3,121,47.6,20.0,93.8,17,33,21,13,4,IND
CHA,PHI,98,45.1,32.3,77.8,12,28,21,11,4,109,44.4,31.7,96.0,10,31,25,9,4,PHI
NOP,POR,126,53.6,39.4,90.0,10,29,36,8,5,107,50.0,36.4,91.7,10,26,23,3,7,NOP
CHI,WAS,127,57.6,33.3,72.4,12,39,33,9,4,98,42.9,40.6,59.1,9,23,27,12,7,CHI
MEM,OKC,112,45.7,40.9,76.9,7,29,34,7,4,118,51.7,34.3,76.2,8,37,25,7,8,OKC
GSW,LAL,128,52.6,41.2,80.0,14,31,38,3,4,121,51.1,35.3,83.3,8,31,32,3,4,GSW
MIN,UTA,119,47.3,46.3,80.0,7,37,31,8,6,100,45.8,23.1,85.7,10,41,23,4,5,MIN
NYK,SAC,98,43.0,28.2,81.3,10,42,19,8,9,91,35.3,27.0,80.8,11,31,22,7,5,NYK
MIL,PHX,140,54.3,58.5,100.0,10,25,35,11,2,129,58.6,42.4,86.7,7,32,36,7,5,MIL
DET,MIA,101,45.8,38.9,78.6,7,37,24,4,7,104,44.9,34.3,75.0,11,36,24,7,2,MIA
DAL,DEN,107,42.0,25.7,66.7,22,38,22,5,5,105,44.0,42.9,86.4,6,31,26,7,6,DAL
ORL,TOR,111,50.6,30.6,70.0,10,29,22,7,4,96,44.0,25.8,93.3,11,26,23,7,3,ORL
BOS,WAS,130,49.4,48.0,83.3,12,31,30,9,6,104,46.1,29.4,85.7,10,30,24,3,5,BOS
BKN,SAS,115,46.1,25.8,68.4,11,37,29,13,5,122,46.5,24.3,91.3,13,37,30,6,10,SAS
ATL,LAC,110,48.8,50.0,91.7,10,35,32,10,7,93,37.8,30.6,89.7,10,30,17,10,5,ATL
CLE,IND,108,47.5,37.5,71.4,9,30,27,8,4,103,46.2,23.7,62.5,14,31,28,8,3,CLE
BOS,DET,119,45.3,44.9,84.6,15,38,30,8,8,94,42.9,31.0,86.7,8,35,21,6,3,BOS
MIA,PHI,91,39.3,36.4,64.3,11,38,23,8,3,98,43.5,36.1,91.7,7,39,23,7,12,PHI
CHI,POR,110,44.1,33.3,81.0,13,27,26,9,5,107,45.5,28.6,76.0,13,30,21,7,5,CHI
MIN,UTA,114,48.4,39.0,83.3,12,23,27,9,9,104,46.4,43.8,85.7,14,33,25,6,3,MIN
GSW,NYK,112,47.7,38.9,77.8,12,27,29,7,5,119,48.4,37.8,85.0,14,30,29,6,1,NYK
MEM,SAC,111,37.8,34.2,80.0,15,34,22,13,7,121,44.7,31.4,81.3,15,44,30,7,10,SAC
ATL,LAL,105,42.9,22.0,80.0,12,30,32,8,5,136,57.8,41.7,85.0,4,44,39,6,4,LAL
CHA,ORL,92,48.1,31.0,77.8,4,26,19,8,1,112,54.3,35.3,92.3,10,31,32,10,6,ORL
HOU,WAS,137,51.6,33.3,83.3,12,35,25,6,11,114,42.9,38.5,75.0,17,27,24,6,2,HOU
BKN,NOP,91,36.9,30.0,77.3,14,28,19,6,4,104,50.6,29.4,76.9,11,37,29,7,5,NOP
DAL,SAS,113,48.4,33.3,88.2,3,37,31,6,3,107,43.8,35.9,71.4,9,39,31,6,10,DAL
DEN,MIN,115,51.9,51.9,77.3,11,38,26,5,1,112,47.7,34.3,69.6,8,29,25,10,7,DEN
CLE,MIA,104,46.7,35.7,86.4,6,31,30,3,2,107,45.8,36.1,94.7,7,30,19,7,2,MIA
DET,IND,103,41.1,21.7,80.0,12,34,23,8,1,122,56.8,37.9,61.1,5,35,38,13,6,IND
BOS,MIL,122,47.1,45.0,82.8,11,26,25,6,5,119,53.6,48.6,85.7,9,32,20,3,6,BOS
SAC,TOR,123,51.6,30.0,83.3,18,35,32,14,6,89,41.3,32.3,72.2,11,20,21,11,3,SAC
OKC,UTA,119,48.9,29.4,79.3,10,35,29,10,7,107,44.4,27.8,94.4,11,36,20,6,5,OKC
GSW,MEM,137,58.0,48.7,33.3,13,35,43,6,5,116,43.8,36.7,77.8,16,29,29,4,3,GSW
PHI,PHX,102,43.2,35.1,38.9,13,27,33,12,7,115,50.0,48.7,75.0,14,41,34,7,12,PHX
LAC,POR,116,52.3,41.9,86.7,8,34,29,15,7,103,48.1,44.1,66.7,8,30,21,6,4,LAC
NOP,ORL,106,53.8,30.0,76.2,3,30,24,11,1,121,54.7,38.9,68.4,10,30,33,12,4,ORL
SAC,WAS,102,43.0,28.2,89.5,10,27,21,12,7,109,50.6,40.0,73.9,10,35,20,9,3,WAS
CHI,HOU,117,45.2,38.7,84.0,12,31,23,8,3,127,50.5,37.8,80.0,13,36,27,7,6,HOU
BKN,MIL,108,44.6,29.5,81.3,15,34,29,7,1,115,47.3,39.0,86.7,11,29,27,5,4,MIL
DAL,UTA,113,50.0,31.3,60.7,11,32,33,12,3,97,45.8,13.3,89.5,5,33,29,6,3,DAL
DEN,NYK,113,53.6,30.0,85.0,9,33,31,5,4,100,48.1,35.5,76.5,4,27,28,6,6,DEN
ATL,PHX,115,44.0,34.3,79.3,12,24,27,11,3,128,55.4,53.7,88.9,7,31,28,4,11,PHX
BOS,DET,129,52.8,35.6,70.4,8,27,31,9,5,102,50.6,29.0,69.2,8,34,25,4,1,BOS
OKC,TOR,123,50.5,37.5,78.9,13,33,27,17,5,103,52.6,36.7,70.6,5,31,34,12,3,OKC
MIA,NOP,88,36.0,27.7,86.7,7,27,22,3,4,111,51.2,50.0,75.0,12,44,25,3,2,NOP
CLE,MIN,91,42.0,24.1,84.2,10,31,22,6,5,104,48.2,51.9,50.0,13,33,27,9,5,MIN
MEM,SAS,99,40.2,35.3,67.7,9,42,18,10,4,97,38.9,18.4,69.6,15,41,24,12,7,MEM
GSW,IND,111,40.6,29.2,68.8,24,40,24,6,6,123,48.5,41.7,75.0,12,38,32,8,10,IND
LAC,POR,125,57.1,42.4,85.2,7,33,26,8,8,117,48.4,36.4,60.0,15,26,29,11,1,LAC
LAL,PHI,101,43.8,38.7,75.8,11,43,22,1,7,94,34.4,21.6,83.3,13,29,20,13,7,LAL
BKN,NYK,93,44.7,35.3,86.7,8,33,26,5,6,105,43.3,37.5,50.0,16,31,25,10,4,NYK
ORL,SAC,107,47.7,28.6,72.2,12,37,27,5,3,109,43.7,37.5,85.7,6,36,26,6,5,SAC
ATL,CHA,132,55.6,47.6,85.7,11,32,40,9,5,91,41.7,28.2,71.4,11,28,25,3,4,ATL
TOR,WAS,109,42.6,24.2,80.8,13,29,27,9,7,112,47.8,31.4,68.4,16,39,28,7,8,WAS
BOS,CHI,124,51.2,43.8,88.2,12,29,28,5,3,113,57.3,37.5,90.9,3,26,36,7,3,BOS
HOU,UTA,147,55.7,55.1,85.7,12,32,31,7,3,119,44.9,29.7,84.8,12,28,24,2,4,HOU
PHX,SAS,131,59.6,45.8,80.0,7,32,38,11,5,106,47.1,27.3,81.0,8,26,27,6,6,PHX
DEN,POR,114,45.1,33.3,72.7,19,30,25,8,9,111,46.2,35.7,88.2,14,31,27,8,8,DEN
DET,NOP,101,40.5,26.8,81.3,10,36,20,4,5,114,50.6,32.4,67.7,6,35,27,8,7,NOP
LAC,PHI,107,48.2,35.7,94.4,10,27,27,2,9,121,53.3,48.6,77.8,12,25,32,7,10,PHI
CLE,MIA,84,41.7,31.0,75.0,4,26,24,3,3,121,51.8,39.5,87.0,9,35,29,13,0,MIA
MIL,OKC,118,53.3,32.4,64.3,15,42,33,7,5,93,37.1,23.3,77.3,10,27,20,9,1,MIL
GSW,MIN,110,44.7,38.9,76.9,7,34,23,8,3,114,47.6,52.5,72.2,7,37,30,9,5,MIN
IND,LAL,145,55.1,50.0,56.3,10,30,39,6,4,150,56.2,48.0,88.4,8,33,28,6,7,LAL
CHA,CLE,92,42.5,32.1,83.3,6,27,22,5,4,115,53.5,41.5,60.0,9,38,41,4,3,CLE
ATL,BOS,120,52.9,50.0,58.8,15,29,30,5,3,118,49.5,28.9,68.4,12,26,21,7,8,ATL
DET,NYK,99,38.6,29.4,95.5,7,30,22,8,5,124,50.6,41.3,68.2,12,40,30,6,6,NYK
BKN,TOR,96,45.7,23.1,72.2,16,34,20,3,4,88,43.5,18.5,75.0,8,22,23,10,2,BKN
CHI,WAS,105,41.4,28.6,82.1,9,37,27,9,8,107,40.2,28.6,83.3,14,38,32,8,5,WAS
HOU,POR,110,39.8,30.8,96.0,13,32,19,7,7,92,41.4,21.2,86.7,10,34,14,5,6,HOU
PHX,SAS,102,50.6,35.7,57.1,5,42,28,5,7,104,44.0,25.8,84.2,5,35,23,10,1,SAS
DEN,MEM,128,53.3,46.9,94.4,15,35,38,10,7,103,39.4,25.0,66.7,17,23,25,9,9,DEN
DAL,UTA,115,47.8,28.6,83.3,10,37,31,9,7,105,42.5,33.3,81.8,11,35,28,6,3,DAL
PHI,SAC,96,41.5,32.4,85.0,15,32,18,2,4,108,44.2,26.3,78.6,11,29,25,6,6,SAC
IND,LAC,133,58.1,60.7,72.7,7,27,28,7,3,116,54.1,30.0,81.8,11,25,26,4,4,IND
GSW,MIA,113,55.3,34.2,60.0,7,36,31,6,5,92,40.2,24.2,76.9,11,28,24,3,2,GSW
LAL,MIL,128,38.9,31.8,93.8,15,54,30,4,8,124,41.2,29.4,64.7,15,46,37,9,5,LAL
NOP,OKC,112,45.3,36.8,87.0,5,32,26,7,2,119,53.5,44.1,85.7,7,38,28,5,3,OKC
DAL,SAC,132,55.4,56.4,61.5,5,44,34,10,4,96,38.9,36.7,78.9,11,31,27,6,5,DAL
CHA,CLE,118,57.9,39.4,77.3,8,30,30,8,2,111,49.4,43.2,57.1,9,23,33,7,1,CHA
GSW,ORL,101,44.4,29.4,84.6,12,40,26,5,5,93,42.4,31.3,52.4,10,29,25,10,5,GSW
BKN,WAS,122,48.0,30.3,78.3,10,35,24,8,9,119,50.5,41.2,76.5,5,39,26,4,4,BKN
ATL,POR,120,51.8,39.0,80.0,8,33,23,12,9,106,50.6,45.2,60.0,6,27,35,8,2,ATL
LAC,PHI,108,44.4,38.9,70.0,11,32,28,8,5,107,47.6,39.4,84.2,10,41,17,3,11,LAC
NYK,TOR,145,58.5,50.0,81.3,15,27,37,7,8,101,46.4,35.5,92.3,11,17,31,7,4,NYK
CHI,IND,125,50.0,44.4,83.3,13,41,28,7,5,99,40.0,31.0,78.3,12,28,25,3,4,CHI
LAL,MEM,136,55.6,54.5,80.0,4,39,31,5,4,124,47.4,39.5,78.9,13,26,30,10,3,LAL
DET,MIN,91,38.3,28.1,80.0,10,31,15,9,1,106,51.2,30.6,68.8,9,31,28,8,3,MIN
HOU,OKC,132,48.1,34.9,73.9,16,34,25,10,3,126,49.0,36.8,75.0,13,36,26,7,7,HOU
SAS,UTA,118,51.2,48.5,66.7,9,32,40,9,7,111,47.0,37.1,90.9,6,30,25,8,4,SAS
DEN,PHX,97,43.2,25.0,91.7,9,29,24,9,4,104,47.0,48.5,90.9,12,39,29,3,7,PHX
ATL,BOS,123,49.0,34.1,60.0,17,36,24,5,5,122,47.9,38.9,85.7,9,34,28,7,6,ATL
MIL,NOP,100,46.3,35.9,52.6,5,41,21,1,4,107,39.6,25.0,79.4,11,37,22,11,5,NOP
CHA,GSW,97,40.5,26.1,70.8,12,29,23,4,2,115,53.9,34.4,88.9,11,39,35,7,5,GSW
IND,LAL,109,48.3,32.3,92.9,6,40,27,8,6,90,40.7,16.7,83.3,10,38,24,3,3,IND
LAC,ORL,100,48.2,33.3,83.3,12,29,19,11,4,97,44.2,34.5,73.3,13,25,20,10,8,LAC
DET,WAS,96,41.6,25.0,80.0,8,39,19,9,5,87,40.9,27.3,75.0,9,38,22,2,4,DET
BKN,CHI,125,47.3,56.8,63.6,12,31,26,9,3,108,50.7,30.0,79.3,5,39,24,3,6,BKN
CLE,PHI,117,54.9,43.2,84.6,5,32,34,4,3,114,44.7,40.0,82.4,16,26,28,6,7,CLE
MIA,POR,142,58.7,53.8,72.2,6,38,41,17,4,82,40.2,16.7,63.6,10,33,20,4,2,MIA
OKC,PHX,128,56.3,53.3,100.0,7,31,33,7,7,103,44.8,31.7,80.0,13,26,26,6,6,OKC
NYK,SAS,126,46.4,37.8,83.3,18,32,24,10,1,130,53.7,40.0,81.3,8,38,34,3,2,SAS
DEN,MIN,98,39.8,28.6,74.1,13,33,29,6,1,111,51.4,32.1,70.3,6,33,28,6,7,MIN
HOU,UTA,101,38.5,31.0,64.3,15,30,19,10,6,100,46.3,25.8,94.7,11,40,23,4,9,HOU
DAL,SAC,107,47.3,42.9,66.7,6,36,24,4,6,103,43.5,46.9,66.7,10,35,24,9,1,DAL
BOS,NOP,104,47.6,40.5,91.7,8,43,27,7,7,92,39.5,37.1,61.1,10,31,22,9,3,BOS
MEM,ORL,88,36.0,33.3,82.4,13,32,25,11,7,118,48.7,50.0,87.0,5,38,28,8,8,ORL
ATL,MIL,113,45.7,40.0,83.3,9,30,24,5,3,122,55.1,28.6,80.0,6,34,27,7,5,MIL
CLE,DEN,101,46.3,32.0,81.0,6,22,26,10,4,130,57.5,63.6,69.2,11,40,36,7,4,DEN
BKN,LAL,104,42.4,33.3,73.7,9,29,19,12,3,116,54.5,37.5,77.3,6,44,24,8,6,LAL
CHA,LAC,118,50.0,44.2,63.6,5,26,32,3,2,130,57.3,48.3,88.2,7,34,28,4,5,LAC
PHI,TOR,135,59.0,55.8,81.3,9,30,28,6,10,120,52.2,36.7,75.0,7,23,31,10,2,PHI
MIA,WAS,119,49.4,38.9,86.2,6,36,22,11,8,107,45.5,28.9,76.2,7,35,27,6,1,MIA
NYK,OKC,112,41.3,30.2,67.6,15,31,24,8,3,113,53.7,38.2,50.0,9,34,29,6,8,OKC
DAL,HOU,125,51.6,51.1,55.6,10,37,24,7,8,107,42.4,34.2,84.2,12,31,22,9,3,DAL
CHI,MIN,109,52.5,58.6,66.7,8,35,30,11,3,101,46.9,29.7,66.7,8,29,28,12,5,CHI
GSW,SAS,117,48.9,41.0,84.6,12,29,34,15,3,113,44.9,39.5,88.9,16,29,31,7,5,GSW
SAC,UTA,127,53.6,50.0,73.9,13,31,34,8,6,106,41.0,39.0,78.6,11,22,22,6,4,SAC
BOS,CHA,118,48.3,35.8,81.3,11,40,28,3,3,104,45.1,35.1,81.8,8,32,28,3,2,BOS
DET,MEM,108,50.6,39.3,77.3,9,32,22,7,9,110,44.0,33.3,82.6,15,29,28,11,9,MEM
BKN,IND,111,47.1,38.5,67.9,12,31,20,3,4,133,51.5,41.9,82.4,14,33,35,6,9,IND
ORL,POR,104,47.4,34.4,77.8,9,34,26,4,6,103,44.4,35.5,80.0,11,33,28,9,3,ORL
ATL,CHI,113,50.0,47.5,66.7,8,37,29,4,5,101,39.4,25.0,83.3,16,35,17,8,2,ATL
NOP,PHX,111,47.2,40.7,66.7,12,25,29,10,1,124,49.4,38.3,80.0,16,33,29,7,6,PHX
DAL,GSW,100,43.8,37.5,63.6,8,34,27,8,7,104,45.6,46.9,100.0,11,41,29,9,4,GSW
OKC,PHI,105,42.5,33.3,81.8,12,31,30,10,9,109,46.2,46.7,92.0,9,33,27,8,4,PHI
LAL,TOR,128,51.5,43.9,50.0,13,34,38,6,8,111,48.3,31.3,71.4,5,35,25,11,6,LAL
MIL,WAS,113,43.7,22.9,66.7,18,39,31,8,6,117,50.5,23.7,82.4,5,39,26,9,2,WAS
MIA,NYK,109,48.6,44.7,95.2,7,32,24,5,4,99,46.1,35.3,81.0,7,23,25,11,2,MIA
HOU,MIN,106,44.6,29.2,71.4,12,25,23,10,0,113,53.2,42.3,90.9,6,33,29,12,5,MIN
DEN,SAS,110,43.9,32.4,81.3,11,41,28,5,10,105,40.0,29.5,50.0,15,44,33,4,12,DEN
CLE,UTA,129,54.1,41.0,87.5,9,32,38,10,6,113,48.2,43.2,83.3,7,26,26,7,3,CLE
LAC,SAC,95,40.8,40.7,81.5,9,29,18,6,1,109,42.4,28.6,76.0,20,36,29,10,6,SAC
CHA,POR,86,41.0,16.1,77.3,2,34,22,10,8,89,39.8,26.9,66.7,14,41,19,4,2,POR
LAL,WAS,125,50.5,28.6,86.2,11,38,21,10,4,120,49.5,42.9,92.3,6,33,26,11,4,LAL
ATL,DET,121,54.4,34.2,66.7,6,42,36,9,8,113,45.7,33.3,81.0,8,29,24,14,3,ATL
BOS,OKC,135,54.3,42.5,94.7,11,35,33,7,10,100,43.2,20.8,89.3,5,26,21,8,5,BOS
BKN,IND,115,48.3,37.5,70.4,15,35,22,4,8,111,44.7,26.3,81.8,19,26,27,8,9,BKN
MEM,MIL,111,50.5,30.4,70.6,13,41,25,5,8,101,40.0,40.9,58.3,13,31,26,5,10,MEM
MIN,TOR,133,51.0,46.5,68.2,9,41,37,13,9,85,36.7,23.3,85.7,10,38,19,4,6,MIN
NOP,ORL,108,47.4,41.4,85.7,7,28,21,9,1,117,51.3,40.6,73.3,7,32,27,9,2,ORL
CLE,PHX,101,47.0,26.9,84.2,7,30,28,9,4,122,50.6,54.5,94.1,8,35,32,11,2,PHX
MIA,PHI,105,41.5,30.2,87.5,16,35,24,8,4,109,46.7,35.0,81.8,8,33,28,11,7,PHI
NYK,SAC,120,55.0,42.9,69.0,9,30,34,9,2,109,48.8,42.9,58.3,9,26,26,6,3,NYK
GSW,HOU,133,58.8,48.6,88.0,12,31,29,6,2,110,41.9,30.0,86.7,12,17,23,11,1,GSW
DEN,LAC,100,43.4,31.4,68.0,6,45,27,3,4,102,37.8,21.2,84.4,7,41,22,10,2,LAC
ATL,DAL,95,40.0,34.2,66.7,11,45,21,7,2,109,40.4,36.7,88.2,11,42,20,7,7,DAL
DAL,GSW,108,47.6,35.3,76.2,8,33,30,9,9,106,44.1,34.3,66.7,11,33,27,12,5,DAL
CHA,ORL,124,59.7,50.0,100.0,4,32,29,6,4,115,44.7,23.7,84.6,15,22,24,9,3,CHA
IND,OKC,126,52.3,42.9,90.5,8,31,30,8,5,112,48.8,26.7,83.3,9,30,24,8,6,IND
POR,WAS,108,43.6,31.0,70.8,16,39,29,7,5,102,43.2,15.2,70.0,12,33,24,9,5,POR
BOS,SAC,101,42.7,27.3,72.2,12,39,25,6,4,100,38.4,33.3,53.8,15,39,21,4,3,BOS
CHI,NYK,108,47.3,30.4,81.3,19,38,27,11,5,100,43.4,34.5,75.0,9,29,22,9,2,CHI
HOU,MIA,104,37.8,31.8,88.0,12,33,25,7,2,119,49.4,36.1,85.7,8,40,27,8,4,MIA
DET,MEM,90,40.5,26.7,75.0,10,28,22,13,4,108,46.7,32.3,87.5,15,34,24,13,7,MEM
MIL,TOR,111,43.6,28.6,81.0,12,33,21,8,6,117,45.6,38.9,86.1,9,38,24,9,3,TOR
NOP,SAS,109,51.2,31.0,100.0,11,30,28,11,2,111,50.6,37.0,76.9,6,28,34,9,8,SAS
MIN,PHX,87,38.8,34.5,78.6,8,36,23,9,6,97,43.4,34.6,75.9,7,42,29,12,3,PHX
LAC,UTA,131,56.0,37.1,88.9,8,43,32,9,4,102,38.5,30.0,79.3,14,29,20,11,4,LAC
CLE,LAL,97,43.3,31.4,66.7,11,29,24,11,3,116,56.3,43.2,62.5,6,34,30,11,11,LAL
BKN,DET,113,52.1,40.7,78.8,11,37,20,3,7,103,45.7,43.6,50.0,5,23,25,9,2,BKN
MEM,PHI,96,41.4,34.6,71.4,15,29,21,9,2,116,51.9,41.0,78.3,9,32,27,12,9,PHI
ATL,DEN,110,42.5,32.4,82.8,11,27,30,8,2,142,60.2,56.1,81.3,6,41,38,9,7,DEN
DAL,HOU,147,54.1,38.5,88.9,6,41,21,4,6,136,49.5,41.5,77.1,4,28,31,11,6,DAL
CLE,LAC,118,47.7,36.7,85.2,7,29,27,10,2,120,48.8,40.0,100.0,11,37,26,5,2,LAC
IND,MIA,117,51.2,28.1,95.2,4,33,27,4,6,115,46.4,29.6,90.6,8,31,21,3,2,IND
BOS,POR,124,56.3,42.1,76.9,5,35,34,11,8,107,39.2,36.8,100.0,22,31,26,8,2,BOS
CHA,OKC,118,54.2,42.5,78.6,7,29,29,12,9,121,51.7,50.0,76.5,10,26,33,14,4,OKC
CHI,ORL,98,50.7,30.0,72.7,8,29,20,7,5,113,46.7,32.4,94.7,10,30,24,12,4,ORL
TOR,WAS,130,51.0,35.5,75.0,8,41,33,9,4,122,47.2,40.0,73.3,8,35,29,9,11,TOR
NOP,PHX,113,47.1,41.0,89.5,8,34,26,8,7,105,44.8,35.9,92.9,9,29,30,7,8,NOP
MIL,NYK,109,46.7,35.3,84.4,9,29,27,3,7,122,48.9,48.3,81.8,13,28,25,9,6,NYK
PHI,SAS,133,45.6,30.8,89.5,8,38,31,15,3,126,44.9,36.4,84.6,14,45,31,5,11,PHI
BKN,SAC,77,34.9,23.3,76.9,7,39,17,5,5,107,42.6,31.3,75.0,11,43,31,8,12,SAC
GSW,UTA,118,53.3,40.0,100.0,11,36,32,9,8,110,47.0,42.9,81.0,6,23,21,4,6,GSW
LAL,MIN,117,46.4,35.5,87.5,10,31,27,10,2,127,51.5,38.5,85.7,13,33,29,12,3,MIN
CHA,DAL,104,43.8,31.3,76.2,8,31,24,8,3,130,53.8,34.0,65.0,16,39,35,6,7,DAL
DET,PHI,102,40.5,46.7,83.3,9,35,20,3,5,120,44.9,35.1,82.6,16,35,29,11,8,PHI
IND,TOR,140,54.5,35.6,69.6,15,29,33,9,8,123,50.0,23.8,72.7,16,24,21,8,6,IND
ATL,MIA,111,39.8,21.7,78.6,17,42,28,13,2,117,47.7,40.0,71.4,5,41,29,8,3,MIA
BOS,MIL,91,39.8,32.7,0.0,12,26,27,11,4,104,53.1,47.2,50.0,10,39,29,6,5,MIL
CHI,NYK,117,53.4,35.7,68.4,12,27,20,4,5,128,55.4,47.2,95.0,6,25,31,6,4,NYK
HOU,ORL,118,52.3,42.9,72.2,6,31,29,8,7,106,45.3,29.2,91.3,10,32,23,9,6,HOU
MEM,SAS,87,34.6,20.0,81.8,17,32,21,10,5,102,48.3,25.0,100.0,10,41,30,5,11,SAS
MIN,WAS,130,47.8,43.9,81.3,10,34,30,9,8,121,49.4,46.5,76.5,7,34,26,5,4,MIN
OKC,SAC,112,48.8,36.7,74.2,6,36,21,11,8,105,34.4,34.5,73.1,21,35,23,8,4,OKC
DEN,UTA,111,48.9,37.8,45.5,13,30,30,12,12,95,39.6,32.3,100.0,11,33,19,5,2,DEN
GSW,LAL,134,58.8,63.4,66.7,4,38,37,3,12,120,45.8,34.3,83.3,10,30,31,8,3,GSW
LAC,PHX,105,47.1,46.2,100.0,10,53,28,5,3,92,33.7,22.9,85.7,8,30,17,16,7,LAC
NOP,POR,110,41.4,30.6,93.1,13,32,25,13,2,100,47.1,34.2,87.5,13,34,28,3,3,NOP
CLE,MEM,110,45.1,40.5,72.4,12,35,27,11,10,98,39.3,43.8,94.7,10,34,21,10,10,CLE
ATL,CHA,114,52.4,45.0,62.5,7,31,35,7,2,115,50.6,38.9,95.5,5,28,25,11,2,CHA
BKN,TOR,106,44.2,30.6,79.2,14,42,25,4,15,102,37.2,40.0,88.9,15,30,19,8,5,BKN
DAL,MIA,111,49.4,34.1,76.9,8,31,27,8,8,92,40.7,43.3,100.0,12,34,22,3,1,DAL
MIL,ORL,117,51.2,37.5,80.0,10,33,27,9,4,99,46.2,36.7,69.6,5,29,19,6,1,MIL
OKC,SAS,127,46.5,42.1,81.0,7,55,33,12,6,89,33.3,22.5,80.0,4,43,24,8,4,OKC
DEN,MIN,116,55.4,44.0,56.5,11,33,31,7,8,107,50.0,43.3,57.1,9,26,23,9,5,DEN
LAC,PHX,108,46.3,33.3,80.0,9,35,23,9,3,124,48.4,36.0,93.3,9,39,29,8,6,PHX
CHI,DET,127,53.1,38.9,73.3,11,31,28,14,5,105,49.4,40.0,65.2,7,31,27,4,2,CHI
BOS,NYK,109,46.5,38.1,81.3,10,26,25,7,12,118,49.5,38.9,60.0,17,35,24,7,4,NYK
HOU,UTA,121,42.1,44.7,90.9,16,23,22,8,6,124,50.6,35.9,81.5,15,34,27,8,7,UTA
GSW,POR,100,46.8,34.3,80.0,10,36,24,8,13,92,36.1,23.5,82.4,20,29,22,9,3,GSW
NOP,SAC,135,57.0,55.0,83.3,5,35,35,7,2,123,54.8,42.1,75.0,5,27,26,7,0,NOP
ORL,PHI,113,45.3,29.6,76.0,10,35,25,7,7,125,47.7,48.6,82.1,8,36,22,6,6,PHI
CHI,WAS,129,49.0,40.0,67.9,17,39,28,9,6,127,52.3,41.9,65.5,4,35,32,6,5,CHI
BOS,CHA,131,51.9,34.1,69.2,16,37,34,12,1,98,42.1,42.9,86.4,4,29,20,3,7,BOS
CLE,IND,129,52.6,40.6,69.6,11,30,28,9,2,120,51.7,28.1,86.4,7,32,37,7,2,CLE
BKN,NYK,107,50.0,34.4,73.7,16,29,22,3,4,111,45.8,46.7,84.0,8,23,21,10,3,NYK
MIA,TOR,125,52.3,41.5,78.3,6,31,37,7,2,103,48.1,32.3,86.4,7,34,23,1,1,MIA
LAL,MEM,123,51.9,35.1,76.5,10,29,25,5,6,120,45.3,43.6,81.0,16,26,19,14,2,LAL
ATL,MIN,106,44.4,30.0,68.0,9,31,23,4,1,109,48.1,27.0,79.3,7,37,29,8,11,MIN
MIL,OKC,107,49.4,36.7,92.3,8,34,27,7,3,125,52.8,34.2,90.0,8,30,29,13,5,OKC
DEN,SAS,120,50.5,36.1,90.0,6,27,31,9,4,121,52.9,45.5,69.6,11,38,31,2,4,SAS
DAL,DET,89,43.4,27.6,75.0,9,40,20,5,5,107,48.4,25.8,77.8,6,34,23,11,7,DET
GSW,NOP,109,46.5,38.2,76.2,11,42,27,6,5,114,46.7,52.6,62.5,5,33,24,11,5,NOP
HOU,POR,116,47.8,28.2,85.0,10,38,25,3,5,107,38.9,34.3,72.4,16,32,20,4,5,HOU
LAC,UTA,109,44.8,25.6,68.4,20,24,23,9,7,110,46.6,17.1,88.0,14,32,26,7,4,UTA
PHX,SAC,108,52.6,37.5,94.1,6,35,25,4,4,107,44.0,36.8,92.9,9,26,26,12,1,PHX
BOS,WAS,132,57.3,50.0,66.7,10,38,29,10,15,122,47.6,36.8,100.0,8,28,33,9,4,BOS
CHA,CLE,120,50.5,47.5,81.8,10,37,36,10,9,110,47.3,48.5,66.7,12,31,30,4,1,CHA
ATL,IND,115,43.8,33.3,92.6,9,23,25,6,5,157,65.0,52.8,80.0,12,36,41,10,6,IND
MIA,TOR,118,52.9,25.0,89.5,13,33,29,13,7,103,42.2,26.5,85.7,13,28,23,6,3,MIA
CHI,NYK,119,48.5,25.8,81.3,15,29,25,15,3,120,50.5,37.5,76.2,16,37,27,7,6,NYK
MIL,ORL,88,40.0,25.9,91.3,7,27,16,10,4,113,49.4,31.4,94.7,7,36,27,11,5,ORL
BKN,PHI,86,38.6,26.5,76.5,4,38,19,8,6,107,42.7,31.8,73.3,13,44,30,8,6,PHI
DEN,MEM,126,51.7,33.3,84.6,16,38,32,9,5,111,45.0,24.2,72.2,16,27,22,9,2,DEN
MIN,PHX,106,51.4,34.6,80.6,12,24,22,7,5,125,54.7,55.2,83.3,13,19,28,13,3,PHX
LAL,NOP,124,55.2,37.9,94.4,7,32,32,12,3,108,47.7,40.5,78.6,10,29,26,8,1,LAL
DAL,OKC,86,33.0,20.5,82.4,12,29,19,8,2,135,55.7,41.2,81.3,11,47,38,6,6,OKC
DET,SAS,95,39.1,24.2,75.0,11,29,17,7,3,123,53.8,44.1,71.4,12,42,33,9,3,SAS
GSW,UTA,123,47.9,32.6,82.6,12,30,35,10,6,116,51.7,41.2,62.5,14,34,22,6,5,GSW
HOU,LAC,116,48.5,28.9,35.7,17,42,31,7,8,105,39.4,21.6,88.2,16,35,23,13,8,HOU
POR,SAC,82,31.6,15.6,76.5,23,31,18,11,2,121,49.4,38.2,81.5,13,38,29,11,6,SAC
